Precinct,WESLEY HUNT,VIRGIL JOHN BIERSCHWALE,JOHN O. ADEFOPE,JOHN CORNYN,ANNA BENDER,SARA CANADY,"GULREZ ""GUS"" KHAN",KEN PAXTON,Cast Votes,Undervotes,Overvotes,Mail Ballots,Early Voting,Election Day,EV Provisional,ED Provisional,Total Ballots Cast,Registered Voters,Turnout %
1,17,0,0,40,0,1,1,39,98,2,0,0,50,49,1,0,100,0,0
2,30,0,1,68,0,3,3,53,158,0,0,1,77,80,0,0,158,0,0
3,43,1,1,115,4,2,0,71,237,7,0,2,125,116,0,1,244,0,0
4,22,0,0,74,3,2,0,42,143,0,0,2,65,76,0,0,143,0,0
5,35,0,0,78,0,1,0,36,150,0,0,4,73,73,0,0,150,0,0
6,43,1,2,101,5,4,4,127,287,1,0,14,187,87,0,0,288,0,0
7,0,0,0,1,0,0,0,6,7,0,0,0,3,4,0,0,7,0,0
8,31,0,0,73,4,1,0,66,175,0,0,2,117,56,0,0,175,0,0
9,23,1,0,30,2,2,0,24,82,1,0,1,44,38,0,0,83,0,0
10,12,0,2,23,0,2,2,23,64,2,0,0,35,31,0,0,66,0,0
11,5,1,0,8,3,2,0,22,41,0,0,0,29,12,0,0,41,0,0
12,6,0,0,13,1,2,1,12,35,0,0,1,21,13,0,0,35,0,0
13,60,0,0,128,3,2,2,162,357,6,0,7,251,105,0,0,363,0,0
14,50,0,0,111,1,3,4,69,238,2,0,6,115,119,0,0,240,0,0
15,73,5,0,229,2,0,2,82,393,3,1,20,143,232,2,0,397,0,0
16,28,0,0,56,3,2,0,62,151,3,0,2,97,55,0,0,154,0,0
17,12,1,1,35,3,0,1,40,93,0,0,7,52,33,0,1,93,0,0
18,45,0,1,61,3,1,1,55,167,1,0,9,85,74,0,0,168,0,0
19,4,0,0,13,0,0,0,12,29,0,0,0,11,18,0,0,29,0,0
20,16,1,1,23,0,0,1,21,63,0,0,0,42,21,0,0,63,0,0
21,12,0,0,14,0,0,0,5,31,2,0,2,19,12,0,0,33,0,0
22,10,0,0,24,1,4,0,13,52,0,0,5,35,11,1,0,52,0,0
23,1,0,0,3,0,0,0,3,7,0,0,0,2,5,0,0,7,0,0
24,8,0,0,9,0,0,1,4,22,0,0,0,14,8,0,0,22,0,0
25,1,1,0,2,1,0,0,4,9,1,0,0,6,4,0,0,10,0,0
26,15,0,0,19,2,3,1,27,67,1,0,0,38,30,0,0,68,0,0
27,17,0,1,35,3,3,2,35,96,1,0,4,41,52,0,0,97,0,0
28,52,1,3,153,6,1,2,139,357,3,1,26,212,123,0,0,361,0,0
29,14,0,0,28,3,4,0,21,70,3,0,6,36,31,0,0,73,0,0
30,25,0,0,40,2,0,0,33,100,0,0,1,57,42,0,0,100,0,0
31,2,0,0,3,0,1,0,6,12,1,0,0,6,7,0,0,13,0,0
32,26,0,1,40,0,0,1,16,84,1,0,2,52,29,2,0,85,0,0
33,27,1,0,56,2,0,1,41,128,0,0,0,74,54,0,0,128,0,0
34,26,1,0,56,1,2,0,33,119,1,0,3,68,49,0,0,120,0,0
35,4,0,0,7,0,0,0,7,18,0,0,1,8,9,0,0,18,0,0
36,22,4,2,36,5,2,3,26,100,3,0,0,66,37,0,0,103,0,0
37,24,2,0,80,4,1,1,38,150,0,0,3,102,45,0,0,150,0,0
38,26,0,0,134,2,3,5,56,226,3,0,10,154,65,0,0,229,0,0
39,16,1,1,75,1,0,1,50,145,0,0,5,75,64,1,0,145,0,0
40,16,0,0,34,0,0,1,12,63,0,0,1,24,38,0,0,63,0,0
41,17,1,1,40,3,0,1,50,113,4,0,0,78,39,0,0,117,0,0
42,1,0,0,1,1,0,0,3,6,0,0,0,4,2,0,0,6,0,0
43,24,0,1,66,2,1,0,77,171,1,0,2,126,44,0,0,172,0,0
44,2,0,0,1,0,0,0,3,6,0,0,0,2,4,0,0,6,0,0
45,3,0,0,17,3,0,0,11,34,0,0,2,28,4,0,0,34,0,0
46,26,0,2,34,4,1,1,51,119,1,0,0,60,59,1,0,120,0,0
47,3,1,0,5,1,0,0,6,16,0,0,1,9,6,0,0,16,0,0
48,6,0,0,8,0,0,0,6,20,0,0,0,11,9,0,0,20,0,0
49,88,2,3,92,9,6,3,158,361,5,0,14,217,135,0,0,366,0,0
50,72,0,3,142,4,7,4,163,395,8,0,5,244,154,0,0,403,0,0
51,35,0,2,106,2,3,0,100,248,4,0,17,163,71,1,0,252,0,0
52,39,1,0,64,0,4,1,50,159,1,0,2,88,70,0,0,160,0,0
53,27,0,0,37,0,2,0,46,112,1,0,0,66,47,0,0,113,0,0
54,35,0,1,61,4,1,0,47,149,0,0,3,94,52,0,0,149,0,0
55,25,1,1,41,1,0,1,45,115,1,0,0,49,67,0,0,116,0,0
56,38,2,2,50,1,3,2,74,172,0,0,11,80,80,0,1,172,0,0
57,54,1,0,133,1,4,1,85,279,4,0,3,165,115,0,0,283,0,0
58,42,0,1,57,5,1,1,46,153,3,0,2,76,78,0,0,156,0,0
59,50,0,3,126,1,3,1,72,256,1,0,4,144,109,0,0,257,0,0
60,18,1,0,53,0,2,1,43,118,0,0,1,75,41,1,0,118,0,0
61,7,0,1,9,1,0,0,11,29,0,0,5,15,9,0,0,29,0,0
62,10,0,1,21,3,1,2,26,64,2,0,3,26,37,0,0,66,0,0
63,58,1,0,81,3,3,0,111,257,1,0,6,150,102,0,0,258,0,0
64,10,0,0,20,0,0,2,16,48,1,0,0,18,31,0,0,49,0,0
65,7,1,1,20,1,5,2,18,55,2,0,4,22,30,1,0,57,0,0
66,1,0,0,3,0,0,0,8,12,1,0,0,7,6,0,0,13,0,0
67,14,0,3,24,2,2,3,21,69,1,0,3,37,30,0,0,70,0,0
68,5,0,0,2,0,0,2,8,17,0,0,0,12,5,0,0,17,0,0
69,3,1,0,9,2,0,0,6,21,1,0,0,11,11,0,0,22,0,0
70,112,0,2,279,5,6,1,129,534,0,0,21,309,203,1,0,534,0,0
71,59,0,1,84,2,3,4,64,217,5,0,0,111,111,0,0,222,0,0
72,21,0,0,41,2,3,2,17,86,2,0,1,39,48,0,0,88,0,0
73,50,0,0,78,2,1,1,85,217,0,0,2,110,105,0,0,217,0,0
74,219,3,4,316,8,1,2,315,868,8,0,18,588,270,0,0,876,0,0
75,38,1,1,56,2,1,0,31,130,0,0,0,69,61,0,0,130,0,0
76,20,2,2,85,7,2,0,60,178,4,0,6,123,52,0,1,182,0,0
77,0,0,0,0,0,0,0,0,0,0,0,0,0,0,0,0,0,0,0
78,11,2,1,23,0,0,2,20,59,1,0,0,37,23,0,0,60,0,0
79,15,0,2,21,3,1,0,26,68,0,0,0,25,43,0,0,68,0,0
80,11,1,2,28,5,1,1,39,88,1,0,3,45,41,0,0,89,0,0
81,10,1,0,10,5,0,0,30,56,1,0,1,22,34,0,0,57,0,0
82,103,3,1,122,7,1,0,179,416,2,0,16,237,165,0,0,418,0,0
83,21,2,1,57,1,1,2,59,144,1,0,9,74,62,0,0,145,0,0
84,32,0,0,72,4,2,1,84,195,5,0,5,120,74,1,0,200,0,0
85,1,1,0,4,0,1,0,5,12,0,0,0,5,7,0,0,12,0,0
86,69,0,2,93,3,4,3,84,258,1,0,4,154,101,0,0,259,0,0
87,96,0,2,262,2,0,0,105,467,3,0,33,209,227,1,0,470,0,0
88,40,2,1,99,3,1,0,127,273,4,0,8,135,134,0,0,277,0,0
89,37,0,0,111,2,0,0,35,185,1,0,4,67,115,0,0,186,0,0
90,64,3,4,146,6,2,5,169,399,3,0,16,205,181,0,0,402,0,0
91,44,3,0,64,3,2,4,105,225,5,0,10,120,99,0,1,230,0,0
92,70,0,0,183,1,2,9,140,405,4,0,33,231,144,0,1,409,0,0
93,23,0,1,40,4,4,1,44,117,2,0,2,76,41,0,0,119,0,0
94,4,1,0,8,1,0,0,5,19,0,0,1,10,8,0,0,19,0,0
95,109,4,3,198,3,4,0,135,456,1,0,10,294,150,2,1,457,0,0
96,16,1,0,20,2,6,2,20,67,1,0,2,39,26,1,0,68,0,0
97,72,0,0,79,6,3,0,162,322,6,0,7,211,110,0,0,328,0,0
98,122,3,3,174,9,2,1,242,556,6,0,12,344,205,0,1,562,0,0
99,17,1,1,36,3,2,2,34,96,1,0,2,62,33,0,0,97,0,0
100,17,2,0,33,3,1,0,33,89,0,0,6,63,20,0,0,89,0,0
101,3,0,0,6,0,0,0,6,15,0,0,3,5,7,0,0,15,0,0
102,8,0,0,21,0,0,0,17,46,0,0,2,29,15,0,0,46,0,0
103,30,2,2,46,5,0,0,71,156,1,0,3,79,75,0,0,157,0,0
104,2,0,0,2,0,0,0,6,10,1,0,0,6,5,0,0,11,0,0
105,8,0,1,26,1,2,1,29,68,1,0,0,36,33,0,0,69,0,0
106,1,0,0,3,0,0,0,4,8,0,0,0,4,4,0,0,8,0,0
107,0,0,1,7,0,2,1,10,21,0,0,0,10,11,0,0,21,0,0
108,30,2,1,122,3,2,1,101,262,1,0,9,194,60,0,0,263,0,0
109,3,0,0,3,0,1,0,7,14,0,0,0,8,6,0,0,14,0,0
110,59,3,1,143,5,5,1,173,390,2,0,15,270,107,0,0,392,0,0
111,62,0,0,86,7,7,2,121,285,3,0,1,166,121,0,0,288,0,0
112,73,3,2,114,7,1,2,144,346,4,0,5,182,163,0,0,350,0,0
113,78,2,0,80,0,1,1,77,239,2,0,11,132,97,0,1,241,0,0
114,138,4,5,169,8,2,1,245,572,4,0,8,361,207,0,0,576,0,0
115,9,1,0,5,0,1,1,11,28,1,0,0,20,9,0,0,29,0,0
116,186,0,0,262,2,1,1,210,662,5,0,6,444,217,0,0,667,0,0
117,13,1,0,41,0,3,0,33,91,0,0,2,47,42,0,0,91,0,0
118,56,1,0,97,2,3,1,105,265,1,0,5,153,106,2,0,266,0,0
119,53,3,2,58,9,3,0,82,210,3,0,2,138,72,1,0,213,0,0
120,52,1,3,70,2,4,1,79,212,1,0,3,114,96,0,0,213,0,0
121,43,0,1,71,1,3,0,85,204,6,0,4,136,70,0,0,210,0,0
122,3,1,0,1,1,0,0,2,8,0,0,0,2,6,0,0,8,0,0
123,12,0,0,22,0,0,0,26,60,3,0,2,36,25,0,0,63,0,0
124,129,0,1,164,2,4,1,209,510,4,0,5,292,216,1,0,514,0,0
125,46,1,1,90,6,2,4,91,241,1,0,5,157,78,2,0,242,0,0
126,111,2,1,143,8,6,1,242,514,4,0,17,338,161,2,0,518,0,0
127,75,8,2,117,5,4,5,134,350,2,0,15,238,98,1,0,352,0,0
128,58,1,1,186,3,1,2,79,331,6,2,13,172,152,2,0,339,0,0
129,137,1,0,236,6,4,3,135,522,5,0,26,288,213,0,0,527,0,0
130,109,0,2,248,5,5,3,145,517,5,0,18,315,185,3,1,522,0,0
131,9,0,1,10,0,1,0,4,25,2,0,2,14,11,0,0,27,0,0
132,2,0,0,3,0,1,0,8,14,0,0,0,7,7,0,0,14,0,0
133,69,0,0,203,3,2,1,98,376,3,0,10,192,177,0,0,379,0,0
134,15,0,3,40,1,2,3,64,128,1,0,0,74,55,0,0,129,0,0
135,106,0,0,350,2,5,1,105,569,1,0,13,351,202,2,2,570,0,0
136,5,0,0,3,0,0,0,5,13,2,0,0,8,7,0,0,15,0,0
137,54,1,0,81,2,2,1,113,254,2,0,4,147,105,0,0,256,0,0
138,2,0,0,3,1,0,0,7,13,1,0,0,9,5,0,0,14,0,0
139,60,1,1,190,2,0,2,88,344,2,0,9,212,124,0,1,346,0,0
140,6,0,0,24,1,2,2,14,49,1,0,4,20,26,0,0,50,0,0
141,1,0,0,5,0,0,0,1,7,0,0,0,2,5,0,0,7,0,0
142,6,0,0,7,0,1,0,10,24,2,0,0,13,12,1,0,26,0,0
143,94,1,2,255,2,5,3,216,578,3,0,23,448,110,0,0,581,0,0
144,3,0,0,3,0,0,0,1,7,0,0,0,2,5,0,0,7,0,0
145,2,0,0,1,0,0,0,1,4,0,0,0,3,1,0,0,4,0,0
146,46,1,0,76,3,2,1,68,197,1,0,13,86,98,0,1,198,0,0
147,18,0,0,27,0,0,0,27,72,1,0,7,44,22,0,0,73,0,0
148,42,0,0,130,2,1,3,47,225,3,0,11,101,116,0,0,228,0,0
149,73,2,1,124,4,2,2,124,332,6,0,2,211,125,0,0,338,0,0
150,5,1,0,3,0,0,0,4,13,0,0,0,11,2,0,0,13,0,0
151,1,0,0,0,0,1,0,3,5,0,0,0,4,1,0,0,5,0,0
152,14,0,1,30,0,4,3,16,68,0,0,4,31,33,0,0,68,0,0
153,4,0,3,17,0,1,0,22,47,1,0,3,23,22,0,0,48,0,0
154,10,0,0,21,1,4,2,32,70,3,0,0,45,28,0,0,73,0,0
155,120,3,4,302,6,4,3,261,703,4,0,30,403,274,0,0,707,0,0
156,0,0,0,0,0,0,0,0,0,0,0,0,0,0,0,0,0,0,0
157,8,0,0,2,0,2,0,9,21,1,0,2,7,13,0,0,22,0,0
158,3,0,0,1,1,0,0,5,10,0,0,0,8,2,0,0,10,0,0
159,6,0,2,6,1,0,0,10,25,0,0,0,12,13,0,0,25,0,0
160,2,0,1,1,0,0,0,5,9,0,0,0,5,4,0,0,9,0,0
161,1,1,0,1,0,0,0,2,5,1,0,0,2,4,0,0,6,0,0
162,3,0,1,21,2,0,1,13,41,0,0,6,21,14,0,0,41,0,0
163,16,1,0,34,3,3,0,32,89,1,0,1,33,56,0,0,90,0,0
164,1,1,0,5,0,1,0,1,9,2,0,0,3,8,0,0,11,0,0
165,79,3,0,117,1,3,2,113,318,3,1,12,170,140,0,0,322,0,0
166,17,3,1,21,1,1,1,22,67,1,0,0,32,36,0,0,68,0,0
167,0,0,0,0,0,0,0,0,0,0,0,0,0,0,0,0,0,0,0
168,0,0,0,1,0,1,0,0,2,0,0,0,2,0,0,0,2,0,0
169,9,0,0,7,0,0,0,4,20,0,0,0,13,7,0,0,20,0,0
170,22,1,1,33,3,1,0,49,110,1,0,8,68,35,0,0,111,0,0
171,1,0,0,1,0,0,0,2,4,0,0,0,3,1,0,0,4,0,0
172,2,1,1,10,0,0,0,8,22,0,0,0,13,9,0,0,22,0,0
173,144,1,5,185,2,5,3,203,548,3,0,14,354,183,0,0,551,0,0
174,81,0,5,288,5,5,6,223,613,3,0,28,374,214,0,0,616,0,0
175,58,1,1,151,1,2,1,104,319,2,0,3,144,173,1,0,321,0,0
176,32,0,1,77,1,1,3,43,158,3,0,6,80,72,3,0,161,0,0
177,27,0,0,89,2,1,1,52,172,2,0,11,99,63,1,0,174,0,0
178,58,0,0,227,1,3,0,74,363,1,0,13,212,138,1,0,364,0,0
179,42,1,1,83,1,3,0,64,195,3,0,4,140,54,0,0,198,0,0
180,5,0,0,6,0,0,1,8,20,0,0,1,8,11,0,0,20,0,0
181,13,1,1,21,0,1,1,24,62,1,0,2,37,24,0,0,63,0,0
182,3,0,1,11,1,0,0,8,24,0,0,0,15,9,0,0,24,0,0
183,80,0,1,228,2,1,0,99,411,1,0,9,190,213,0,0,412,0,0
184,7,0,0,13,0,0,0,13,33,0,0,1,21,11,0,0,33,0,0
185,11,0,0,26,2,0,0,33,72,0,0,6,37,29,0,0,72,0,0
186,0,0,0,1,0,0,0,1,2,0,0,0,1,1,0,0,2,0,0
187,1,0,0,1,0,0,0,3,5,0,0,0,1,4,0,0,5,0,0
188,8,0,0,21,4,2,0,18,53,2,0,2,35,18,0,0,55,0,0
189,37,0,0,83,1,0,0,58,179,2,0,2,96,83,0,0,181,0,0
190,9,0,0,22,1,1,2,28,63,1,0,1,35,28,0,0,64,0,0
191,12,1,0,14,2,1,0,14,44,0,0,1,22,21,0,0,44,0,0
192,4,0,0,4,0,0,1,3,12,0,0,1,5,6,0,0,12,0,0
193,2,0,2,0,0,0,0,2,6,1,0,0,4,3,0,0,7,0,0
194,19,0,3,45,3,0,1,23,94,2,0,0,36,59,1,0,96,0,0
195,20,1,0,6,0,1,0,18,46,0,0,1,25,20,0,0,46,0,0
196,1,0,0,6,0,1,0,3,11,0,0,0,6,5,0,0,11,0,0
197,7,1,0,2,1,1,0,3,15,0,0,0,7,7,1,0,15,0,0
198,0,0,0,1,0,0,1,2,4,0,0,0,3,1,0,0,4,0,0
199,106,2,2,224,9,1,3,270,617,10,0,42,397,187,0,1,627,0,0
200,18,0,0,76,1,0,2,63,160,1,0,4,102,54,1,0,161,0,0
201,0,0,0,0,0,0,0,2,2,0,0,0,1,1,0,0,2,0,0
202,6,0,0,4,0,0,0,4,14,0,0,0,6,8,0,0,14,0,0
203,4,0,0,3,0,0,0,8,15,0,0,0,11,4,0,0,15,0,0
204,117,0,1,207,7,3,1,156,492,3,0,30,272,192,1,0,495,0,0
205,4,0,0,2,0,0,0,4,10,0,0,1,5,4,0,0,10,0,0
206,41,1,0,52,2,1,3,49,149,5,0,1,85,67,1,0,154,0,0
207,20,2,1,27,0,1,0,32,83,0,0,1,54,28,0,0,83,0,0
208,11,0,0,31,1,2,0,28,73,2,0,1,36,38,0,0,75,0,0
209,11,0,1,19,1,0,1,19,52,1,0,0,36,17,0,0,53,0,0
210,7,1,1,19,0,1,0,10,39,0,0,2,18,19,0,0,39,0,0
211,28,3,5,51,2,2,2,57,150,11,0,2,73,86,0,0,161,0,0
212,6,0,1,7,0,1,0,5,20,1,0,0,17,4,0,0,21,0,0
213,259,1,1,411,2,3,2,227,906,3,0,10,635,264,0,0,909,0,0
214,69,0,0,106,2,1,2,91,271,5,0,8,173,95,0,0,276,0,0
215,38,0,2,128,1,4,2,102,277,2,0,7,166,105,1,0,279,0,0
216,4,0,0,6,1,1,0,3,15,1,0,1,11,4,0,0,16,0,0
217,90,1,0,327,2,1,0,68,489,3,0,21,251,219,1,0,492,0,0
218,23,0,2,42,1,1,1,49,119,3,0,6,78,38,0,0,122,0,0
219,13,0,0,8,0,0,1,10,32,3,0,2,17,16,0,0,35,0,0
220,19,2,0,52,5,0,0,106,184,3,0,2,112,73,0,0,187,0,0
221,24,1,2,54,4,2,1,55,143,2,0,6,72,67,0,0,145,0,0
222,55,0,1,211,0,4,0,41,312,1,0,16,164,133,0,0,313,0,0
223,5,0,3,30,1,2,0,14,55,2,0,6,32,19,0,0,57,0,0
224,44,1,0,92,0,1,2,60,200,2,0,11,91,98,0,2,202,0,0
225,17,0,0,15,1,1,2,10,46,1,0,2,27,17,0,1,47,0,0
226,15,1,2,20,4,2,0,21,65,1,0,0,43,23,0,0,66,0,0
227,68,0,3,258,0,0,0,58,387,1,0,17,254,117,0,0,388,0,0
228,3,0,0,6,0,1,1,3,14,0,0,0,7,7,0,0,14,0,0
229,2,0,0,11,0,1,0,9,23,0,0,2,9,12,0,0,23,0,0
230,1,0,0,0,1,0,0,4,6,0,0,0,3,3,0,0,6,0,0
231,8,1,0,16,4,7,0,25,61,2,0,3,28,31,1,0,63,0,0
232,44,0,0,129,0,1,0,62,236,0,0,9,101,126,0,0,236,0,0
233,34,0,2,121,2,2,0,58,219,2,0,15,123,82,1,0,221,0,0
234,160,0,1,569,2,3,2,227,964,8,1,46,626,298,2,1,973,0,0
235,7,2,0,11,1,0,1,8,30,1,0,0,21,10,0,0,31,0,0
236,5,0,0,3,0,0,0,2,10,0,0,1,6,3,0,0,10,0,0
237,1,1,0,1,0,0,0,2,5,0,0,1,1,3,0,0,5,0,0
238,3,0,1,4,0,0,0,5,13,0,0,0,8,5,0,0,13,0,0
239,0,0,0,1,0,0,0,1,2,0,0,0,2,0,0,0,2,0,0
240,8,0,0,6,0,0,0,6,20,3,0,0,12,11,0,0,23,0,0
241,16,1,0,17,0,2,1,25,62,2,0,4,34,25,1,0,64,0,0
242,13,2,0,30,2,0,0,43,90,1,0,5,54,32,0,0,91,0,0
243,0,0,0,1,0,0,0,1,2,0,0,0,1,1,0,0,2,0,0
244,55,3,0,72,6,0,3,108,247,3,0,4,151,95,0,0,250,0,0
245,63,1,4,82,7,4,1,132,294,1,0,3,177,115,0,0,295,0,0
246,88,1,3,164,9,5,1,160,431,5,0,14,258,164,0,0,436,0,0
247,2,0,0,5,0,0,0,3,10,2,0,0,8,4,0,0,12,0,0
248,6,2,1,8,3,1,1,9,31,0,0,0,13,18,0,0,31,0,0
249,50,3,2,125,2,3,3,113,301,1,0,7,193,102,0,0,302,0,0
250,6,0,0,18,0,4,0,19,47,0,0,0,26,21,0,0,47,0,0
251,9,0,0,19,4,0,1,21,54,2,0,1,31,24,0,0,56,0,0
252,3,1,0,2,0,0,0,2,8,0,0,0,3,5,0,0,8,0,0
253,1,0,0,5,1,0,0,3,10,0,0,0,6,4,0,0,10,0,0
254,3,0,0,9,1,2,0,7,22,1,0,1,16,6,0,0,23,0,0
255,60,0,1,116,4,1,0,88,270,4,0,5,115,154,0,0,274,0,0
256,28,1,2,72,7,4,3,76,193,1,0,10,135,49,0,0,194,0,0
257,24,0,2,32,1,3,1,23,86,3,0,2,55,31,1,0,89,0,0
258,171,2,2,248,4,3,0,188,618,5,0,6,370,247,0,0,623,0,0
259,5,1,0,1,0,0,0,2,9,0,0,1,2,6,0,0,9,0,0
260,29,1,1,46,1,2,1,42,123,2,0,3,65,57,0,0,125,0,0
261,8,0,0,28,2,1,0,17,56,0,0,4,28,23,1,0,56,0,0
262,98,3,4,140,3,1,3,159,411,2,0,10,261,142,0,0,413,0,0
263,147,3,2,216,4,2,3,233,610,2,0,13,354,245,0,0,612,0,0
264,51,2,1,90,3,2,1,95,245,3,2,8,117,124,1,0,250,0,0
265,119,0,0,357,6,4,3,178,667,6,1,31,397,245,1,0,674,0,0
266,16,0,1,40,5,2,0,46,110,1,0,6,54,50,0,1,111,0,0
267,10,1,0,21,2,0,0,24,58,1,0,2,41,14,2,0,59,0,0
268,64,2,3,195,3,5,3,80,355,3,0,10,180,167,1,0,358,0,0
269,112,1,0,347,3,3,0,128,594,3,0,20,388,188,1,0,597,0,0
270,51,0,3,151,5,3,6,137,356,5,0,22,200,139,0,0,361,0,0
271,6,0,0,10,1,3,0,7,27,1,0,0,14,14,0,0,28,0,0
272,16,0,2,28,1,3,0,33,83,1,0,0,51,31,0,2,84,0,0
273,136,0,0,310,0,0,0,132,578,1,0,21,348,210,0,0,579,0,0
274,89,1,2,191,1,3,2,115,404,2,0,15,273,118,0,0,406,0,0
275,8,1,1,9,1,2,0,10,32,2,0,0,17,17,0,0,34,0,0
276,2,0,0,1,1,2,0,1,7,0,0,0,5,2,0,0,7,0,0
277,6,0,3,31,0,0,0,48,88,2,0,5,54,31,0,0,90,0,0
278,28,1,2,63,5,1,3,73,176,5,0,16,99,66,0,0,181,0,0
279,24,0,1,31,0,1,0,42,99,2,0,2,61,38,0,0,101,0,0
280,7,0,0,22,2,1,3,26,61,0,0,2,35,24,0,0,61,0,0
281,52,0,0,138,1,2,1,85,279,1,0,10,147,123,0,0,280,0,0
282,66,0,0,102,1,2,2,87,260,0,0,7,92,161,0,0,260,0,0
283,9,0,1,11,0,3,0,13,37,1,0,1,19,18,0,0,38,0,0
284,39,2,3,69,4,2,0,68,187,5,0,5,135,52,0,0,192,0,0
285,11,0,0,8,2,0,0,21,42,0,0,0,21,21,0,0,42,0,0
286,10,1,0,14,1,4,1,20,51,1,0,3,34,15,0,0,52,0,0
287,52,0,0,72,3,2,1,64,194,2,0,7,84,104,1,0,196,0,0
288,1,0,0,1,0,0,0,0,2,1,0,0,2,1,0,0,3,0,0
289,10,1,1,28,0,0,1,39,80,3,0,5,44,34,0,0,83,0,0
290,35,1,2,64,0,1,0,81,184,3,0,5,78,104,0,0,187,0,0
291,22,0,0,28,2,0,1,40,93,1,0,2,55,37,0,0,94,0,0
292,11,0,0,12,2,0,1,8,34,1,0,2,20,13,0,0,35,0,0
293,25,0,0,53,3,1,1,39,122,1,0,11,48,64,0,0,123,0,0
294,3,0,0,1,0,0,0,0,4,0,0,0,2,2,0,0,4,0,0
295,1,0,0,0,0,0,0,0,1,0,0,0,1,0,0,0,1,0,0
296,34,0,0,70,5,4,3,59,175,0,0,6,89,80,0,0,175,0,0
297,14,1,4,26,2,2,2,34,85,1,0,12,38,36,0,0,86,0,0
298,35,1,0,93,4,3,0,74,210,4,1,6,142,66,0,1,215,0,0
299,11,1,0,22,0,3,0,26,63,0,0,0,43,20,0,0,63,0,0
300,127,3,3,176,4,1,2,247,563,1,0,6,353,205,0,0,564,0,0
301,13,1,0,28,0,3,0,38,83,2,0,1,45,39,0,0,85,0,0
302,44,3,1,82,4,4,2,94,234,2,0,19,120,95,1,1,236,0,0
303,176,1,0,514,3,4,3,216,917,7,0,43,555,323,3,0,924,0,0
304,52,2,2,126,4,3,0,73,262,4,0,6,167,92,0,1,266,0,0
305,49,3,5,62,5,5,2,73,204,2,0,2,130,74,0,0,206,0,0
306,65,0,0,172,1,6,0,153,397,5,0,17,265,120,0,0,402,0,0
307,95,2,1,265,6,3,5,229,606,9,0,33,331,248,2,1,615,0,0
308,9,0,1,19,1,1,1,18,50,1,0,2,24,25,0,0,51,0,0
309,154,3,2,337,2,2,1,205,706,4,0,6,473,230,1,0,710,0,0
310,53,1,3,106,5,1,3,92,264,3,0,13,149,105,0,0,267,0,0
311,25,2,1,103,0,4,5,44,184,4,0,13,104,71,0,0,188,0,0
312,52,0,1,165,4,4,2,78,306,4,0,34,176,99,1,0,310,0,0
313,1,0,0,2,0,0,0,2,5,0,0,0,4,1,0,0,5,0,0
314,59,1,0,73,3,2,2,81,221,1,0,6,142,74,0,0,222,0,0
315,49,3,1,79,3,1,0,83,219,4,0,5,118,99,1,0,223,0,0
316,30,2,1,100,2,3,2,49,189,0,1,8,118,63,1,0,190,0,0
317,3,0,0,18,2,0,0,13,36,0,0,0,21,15,0,0,36,0,0
318,14,1,0,15,1,0,1,6,38,0,0,2,19,17,0,0,38,0,0
319,5,0,0,9,1,1,0,8,24,1,0,2,19,4,0,0,25,0,0
320,7,0,0,24,3,3,2,30,69,2,0,4,33,34,0,0,71,0,0
321,6,0,0,23,4,2,1,15,51,0,0,2,27,22,0,0,51,0,0
322,8,0,2,26,1,1,0,13,51,0,0,3,29,19,0,0,51,0,0
323,23,0,1,45,3,0,0,49,121,2,0,5,76,42,0,0,123,0,0
324,56,2,0,151,2,1,2,98,312,3,0,16,169,129,1,0,315,0,0
325,15,1,1,10,1,1,1,20,50,1,0,4,27,20,0,0,51,0,0
326,9,0,0,11,1,0,0,7,28,1,0,4,16,9,0,0,29,0,0
327,17,0,0,4,2,1,0,7,31,0,0,0,14,17,0,0,31,0,0
328,5,1,2,19,0,1,1,19,48,0,0,3,31,14,0,0,48,0,0
329,14,2,1,20,6,3,0,27,73,2,0,0,61,14,0,0,75,0,0
330,38,0,4,67,5,2,5,57,178,0,0,2,95,81,0,0,178,0,0
331,52,0,2,87,5,2,1,89,238,6,0,6,135,102,1,0,244,0,0
332,14,4,2,13,2,2,1,20,58,2,0,0,35,25,0,0,60,0,0
333,107,2,2,212,6,5,3,286,623,6,0,21,345,261,2,0,629,0,0
334,0,0,0,0,0,0,0,0,0,0,0,0,0,0,0,0,0,0,0
335,7,1,1,25,2,2,0,16,54,1,0,3,28,23,0,1,55,0,0
336,5,3,1,11,1,1,1,7,30,1,0,0,18,13,0,0,31,0,0
337,5,0,1,12,0,0,0,7,25,0,0,1,19,5,0,0,25,0,0
338,18,3,1,36,4,5,0,31,98,3,0,2,50,49,0,0,101,0,0
339,6,0,0,3,0,1,0,5,15,0,0,0,9,6,0,0,15,0,0
340,79,2,3,171,9,3,2,215,484,2,0,11,315,160,0,0,486,0,0
341,6,0,0,18,2,0,0,13,39,0,0,0,23,15,1,0,39,0,0
342,3,0,1,10,1,0,0,7,22,0,0,1,10,11,0,0,22,0,0
343,10,0,1,22,2,3,1,28,67,1,0,2,41,25,0,0,68,0,0
344,1,0,1,3,1,0,0,1,7,1,0,0,5,3,0,0,8,0,0
345,6,1,0,10,2,0,2,9,30,1,0,0,13,18,0,0,31,0,0
347,57,1,3,161,6,4,1,141,374,0,0,21,249,104,0,0,374,0,0
348,39,0,1,111,4,5,0,141,301,4,0,31,183,91,0,0,305,0,0
349,30,2,1,51,5,0,0,62,151,0,0,3,73,75,0,0,151,0,0
350,24,0,1,43,4,0,2,38,112,3,0,9,69,36,0,1,115,0,0
351,126,1,1,278,8,8,5,285,712,3,0,19,479,217,0,0,715,0,0
352,56,1,1,118,11,4,4,152,347,6,0,9,220,122,2,0,353,0,0
353,16,0,1,41,5,3,2,38,106,4,0,6,65,39,0,0,110,0,0
354,22,1,2,41,5,1,0,51,123,2,0,7,72,46,0,0,125,0,0
355,7,0,2,14,2,0,1,8,34,1,0,0,16,19,0,0,35,0,0
356,72,2,2,144,6,6,2,121,355,3,0,14,196,147,0,1,358,0,0
357,95,2,0,205,6,5,3,265,581,5,0,10,381,195,0,0,586,0,0
358,4,0,0,4,1,0,0,1,10,0,0,1,4,4,0,1,10,0,0
359,4,2,1,8,0,1,0,9,25,0,0,0,14,11,0,0,25,0,0
360,57,1,2,153,1,3,1,100,318,2,0,16,178,124,1,1,320,0,0
361,1,0,0,7,0,0,0,4,12,0,0,0,0,12,0,0,12,0,0
362,128,3,0,265,7,6,5,297,711,7,0,20,492,205,1,0,718,0,0
363,32,1,1,55,2,1,0,76,168,2,0,2,108,60,0,0,170,0,0
364,22,1,0,52,0,0,0,58,133,2,0,6,92,37,0,0,135,0,0
365,9,1,0,14,0,1,0,12,37,0,0,3,21,13,0,0,37,0,0
366,15,3,3,32,3,5,0,36,97,3,0,1,49,50,0,0,100,0,0
367,12,0,0,19,0,1,1,23,56,2,0,0,29,29,0,0,58,0,0
368,9,1,0,11,1,1,0,25,48,1,0,3,38,8,0,0,49,0,0
369,5,0,0,6,0,0,0,0,11,0,0,0,4,6,1,0,11,0,0
370,105,3,2,136,6,5,2,177,436,3,0,7,274,155,3,0,439,0,0
371,0,0,0,2,0,1,0,3,6,1,0,0,2,5,0,0,7,0,0
372,11,0,0,13,0,0,0,10,34,0,0,1,24,9,0,0,34,0,0
373,1,0,0,0,0,0,0,1,2,0,0,0,1,1,0,0,2,0,0
374,5,0,0,15,1,0,0,11,32,0,0,2,14,16,0,0,32,0,0
375,23,1,0,29,6,1,0,46,106,0,0,6,66,34,0,0,106,0,0
376,5,0,0,31,4,0,0,30,70,1,0,5,34,31,0,1,71,0,0
377,14,0,0,32,3,1,2,40,92,4,0,6,59,31,0,0,96,0,0
378,35,0,1,57,1,2,1,86,183,2,0,10,81,94,0,0,185,0,0
379,11,1,0,8,2,3,1,10,36,0,0,1,17,18,0,0,36,0,0
380,69,1,0,152,3,1,2,162,390,4,0,8,252,134,0,0,394,0,0
381,28,1,2,29,6,1,1,30,98,1,0,1,69,29,0,0,99,0,0
382,30,1,1,41,2,1,0,58,134,2,0,5,81,50,0,0,136,0,0
383,25,1,0,27,1,1,3,61,119,0,0,2,68,49,0,0,119,0,0
384,14,0,2,22,1,2,2,24,67,1,0,1,49,18,0,0,68,0,0
385,126,1,0,259,3,2,0,136,527,3,0,17,331,179,3,0,530,0,0
386,69,1,2,177,4,4,1,172,430,7,0,20,258,159,0,0,437,0,0
387,101,4,3,174,4,4,1,232,523,9,0,12,341,178,0,1,532,0,0
388,28,2,3,39,4,1,1,49,127,2,0,3,82,44,0,0,129,0,0
389,3,0,0,1,0,0,0,2,6,0,0,0,2,4,0,0,6,0,0
390,6,0,0,14,0,0,0,8,28,1,0,0,13,16,0,0,29,0,0
391,27,0,0,94,3,0,5,63,192,1,0,11,125,57,0,0,193,0,0
392,3,0,0,2,0,0,0,1,6,1,0,0,5,2,0,0,7,0,0
393,16,0,2,31,1,2,3,17,72,2,0,7,40,26,0,1,74,0,0
394,5,0,0,12,0,1,1,12,31,0,0,0,21,10,0,0,31,0,0
395,57,0,2,106,2,2,1,111,281,2,0,12,149,122,0,0,283,0,0
396,10,1,1,11,0,1,0,5,29,0,0,2,17,10,0,0,29,0,0
397,4,0,0,16,0,0,0,10,30,0,0,5,14,11,0,0,30,0,0
398,41,0,1,98,3,1,2,119,265,3,0,5,155,108,0,0,268,0,0
399,14,0,2,55,1,0,1,50,123,2,0,14,65,46,0,0,125,0,0
401,9,0,1,6,0,1,0,9,26,0,0,0,14,12,0,0,26,0,0
402,14,0,0,14,2,0,1,8,39,0,0,1,22,16,0,0,39,0,0
403,46,1,0,107,3,1,1,74,233,4,0,8,107,122,0,0,237,0,0
404,22,2,2,64,4,1,2,81,178,0,0,16,95,66,1,0,178,0,0
405,112,7,3,184,5,4,0,286,601,5,0,14,379,212,1,0,606,0,0
406,1,0,0,1,0,0,0,0,2,0,0,0,2,0,0,0,2,0,0
407,105,0,6,172,4,3,4,174,468,10,0,23,245,210,0,0,478,0,0
408,9,1,0,26,2,1,0,10,49,1,0,4,26,20,0,0,50,0,0
409,6,1,1,23,4,2,1,18,56,3,0,6,31,22,0,0,59,0,0
410,11,1,0,13,0,0,0,12,37,0,0,2,23,12,0,0,37,0,0
411,18,2,0,26,3,1,0,20,70,0,1,2,37,32,0,0,71,0,0
412,0,0,0,5,0,0,0,0,5,0,0,0,2,3,0,0,5,0,0
413,45,0,1,80,4,0,0,68,198,2,0,16,122,62,0,0,200,0,0
414,49,0,2,160,7,2,0,93,313,2,0,18,198,99,0,0,315,0,0
415,36,0,3,106,1,2,0,128,276,2,0,16,180,79,3,0,278,0,0
416,49,1,2,72,2,1,6,89,222,2,0,8,83,133,0,0,224,0,0
417,17,1,0,24,1,0,0,45,88,2,0,1,57,32,0,0,90,0,0
418,28,6,4,79,6,3,0,65,191,1,0,7,109,75,1,0,192,0,0
419,38,2,2,93,6,0,2,101,244,4,0,13,161,73,1,0,248,0,0
420,81,1,3,166,3,2,3,177,436,3,0,22,299,118,0,0,439,0,0
421,37,0,1,70,5,4,2,94,213,0,0,4,115,93,1,0,213,0,0
422,11,1,0,15,1,0,0,10,38,1,0,0,21,16,0,2,39,0,0
423,7,0,3,17,0,0,0,14,41,1,0,6,16,20,0,0,42,0,0
424,34,0,1,68,2,4,0,56,165,0,0,2,107,56,0,0,165,0,0
425,7,1,2,19,0,0,0,22,51,0,0,0,37,14,0,0,51,0,0
426,17,3,2,55,0,1,1,42,121,2,0,9,67,46,1,0,123,0,0
427,9,1,1,22,1,0,0,18,52,0,0,5,37,10,0,0,52,0,0
428,14,1,3,36,4,3,7,31,99,7,0,5,66,35,0,0,106,0,0
429,10,4,2,43,6,2,4,36,107,2,0,7,64,38,0,0,109,0,0
430,4,1,1,18,1,1,1,7,34,2,0,1,21,14,0,0,36,0,0
431,15,2,1,29,4,0,4,24,79,0,0,2,49,28,0,0,79,0,0
432,11,0,2,13,0,0,3,10,39,0,0,1,22,16,0,0,39,0,0
433,2,0,0,6,0,0,0,2,10,0,0,1,4,5,0,0,10,0,0
434,25,0,2,121,1,0,0,62,211,2,0,10,126,72,4,1,213,0,0
435,108,3,6,252,2,2,4,167,544,9,0,28,348,176,1,0,553,0,0
436,93,1,2,212,3,2,4,111,428,6,1,15,250,168,0,2,435,0,0
437,121,1,1,135,2,5,2,133,400,4,0,17,211,175,0,1,404,0,0
438,154,2,3,300,1,4,4,208,676,4,0,24,438,217,1,0,680,0,0
439,141,3,1,247,7,4,3,174,580,8,0,22,299,267,0,0,588,0,0
440,152,2,1,304,3,3,1,173,639,5,0,11,376,257,0,0,644,0,0
441,84,0,3,171,2,1,2,90,353,5,0,4,232,122,0,0,358,0,0
442,164,3,3,291,3,9,3,316,792,3,0,21,511,262,1,0,795,0,0
443,28,2,1,73,2,0,0,36,142,0,0,4,102,36,0,0,142,0,0
444,75,2,4,108,6,0,2,132,329,3,0,13,168,151,0,0,332,0,0
445,49,1,1,96,0,6,0,83,236,4,0,22,127,91,0,0,240,0,0
446,1,1,0,5,1,0,0,8,16,0,0,0,13,3,0,0,16,0,0
447,31,0,1,66,2,5,1,72,178,0,0,3,116,59,0,0,178,0,0
448,83,1,0,149,3,2,1,161,400,4,0,11,254,137,1,1,404,0,0
450,21,0,0,53,3,0,1,44,122,1,0,3,70,50,0,0,123,0,0
451,172,3,4,290,1,8,2,225,705,7,0,36,420,256,0,0,712,0,0
452,52,1,0,94,3,4,0,144,298,4,0,6,174,122,0,0,302,0,0
453,13,0,1,19,0,0,0,16,49,1,0,2,21,27,0,0,50,0,0
454,2,0,0,1,0,0,1,2,6,1,0,0,5,2,0,0,7,0,0
455,3,0,0,3,1,1,0,5,13,0,0,0,7,6,0,0,13,0,0
456,55,3,3,112,3,4,2,108,290,3,0,17,175,100,1,0,293,0,0
458,8,1,0,5,1,0,1,12,28,1,0,0,17,12,0,0,29,0,0
459,140,4,2,332,6,6,5,314,809,14,0,19,571,233,0,0,823,0,0
460,47,4,2,48,7,3,1,59,171,4,0,1,118,56,0,0,175,0,0
461,144,3,1,462,7,6,5,194,822,11,1,126,407,297,4,0,834,0,0
462,45,0,1,97,5,2,0,79,229,3,0,6,143,83,0,0,232,0,0
463,29,0,1,33,1,2,3,33,102,0,0,1,39,62,0,0,102,0,0
464,57,1,2,86,6,11,2,92,257,0,0,9,129,119,0,0,257,0,0
465,37,1,1,91,4,1,1,102,238,4,0,15,144,83,0,0,242,0,0
466,72,1,0,200,1,2,4,178,458,6,0,40,281,143,0,0,464,0,0
467,10,3,0,11,1,0,0,24,49,0,0,0,28,21,0,0,49,0,0
468,29,3,4,54,7,5,2,50,154,1,1,6,79,71,0,0,156,0,0
469,92,3,4,278,3,3,4,280,667,8,0,30,448,191,6,0,675,0,0
470,24,5,1,74,2,1,2,74,183,1,0,6,111,66,1,0,184,0,0
471,54,1,3,131,4,2,5,207,407,3,0,12,247,150,1,0,410,0,0
472,7,0,0,52,2,1,0,21,83,2,0,2,39,44,0,0,85,0,0
473,59,1,0,144,1,0,3,124,332,3,0,21,202,112,0,0,335,0,0
474,28,0,0,41,2,3,0,64,138,2,0,2,90,48,0,0,140,0,0
475,4,1,0,25,2,0,1,31,64,1,0,0,47,18,0,0,65,0,0
476,8,0,1,17,0,0,1,35,62,1,0,5,33,25,0,0,63,0,0
477,123,3,1,166,11,2,2,184,492,5,0,22,286,187,1,1,497,0,0
478,81,5,2,161,3,6,3,145,406,6,0,15,252,144,1,0,412,0,0
479,121,1,1,225,10,2,4,283,647,7,0,19,358,277,0,0,654,0,0
480,73,1,0,118,3,1,1,157,354,5,0,18,211,130,0,0,359,0,0
481,103,1,1,177,7,3,3,251,546,2,0,6,343,199,0,0,548,0,0
482,97,3,3,143,4,2,1,173,426,4,0,21,249,158,0,2,430,0,0
483,99,1,1,141,2,4,3,151,402,2,0,10,276,116,2,0,404,0,0
484,123,2,2,157,4,3,2,182,475,7,1,11,303,168,1,0,483,0,0
485,102,2,3,146,9,4,5,221,492,3,0,11,314,170,0,0,495,0,0
486,156,1,2,266,3,3,5,327,763,7,0,23,488,259,0,0,770,0,0
487,18,3,4,76,4,5,0,24,134,10,0,9,91,44,0,0,144,0,0
488,23,1,1,46,1,0,1,31,104,1,0,7,62,36,0,0,105,0,0
489,19,1,1,33,1,0,0,51,106,0,0,2,67,37,0,0,106,0,0
490,26,2,2,61,7,4,1,45,148,1,0,8,95,45,1,0,149,0,0
491,37,1,5,102,2,1,1,72,221,2,0,8,128,87,0,0,223,0,0
492,53,1,3,112,4,1,3,88,265,3,0,21,153,94,0,0,268,0,0
493,37,1,1,87,1,5,0,92,224,6,0,10,157,63,0,0,230,0,0
494,11,2,1,16,4,0,2,9,45,1,0,3,21,22,0,0,46,0,0
495,78,3,1,137,1,3,2,166,391,3,0,7,245,142,0,0,394,0,0
496,21,1,1,37,3,0,0,28,91,1,0,3,48,41,0,0,92,0,0
497,0,0,0,8,0,0,0,0,8,1,0,0,4,4,1,0,9,0,0
498,25,0,0,24,2,1,0,54,106,3,0,6,67,36,0,0,109,0,0
499,126,0,1,210,3,3,3,169,515,0,0,24,328,163,0,0,515,0,0
500,81,3,1,176,3,7,4,196,471,12,0,27,248,208,0,0,483,0,0
501,39,1,0,60,2,0,4,41,147,0,0,2,78,67,0,0,147,0,0
502,86,5,3,174,2,6,3,209,488,8,0,13,306,177,0,0,496,0,0
503,116,1,0,137,3,3,1,152,413,4,0,7,249,161,0,0,417,0,0
504,76,0,0,148,6,4,4,133,371,1,0,7,237,128,0,0,372,0,0
505,67,2,0,103,1,5,1,107,286,2,0,9,152,125,2,0,288,0,0
506,21,0,2,36,2,2,1,28,92,0,0,7,43,42,0,0,92,0,0
507,7,1,2,21,1,3,0,11,46,9,0,0,10,45,0,0,55,0,0
508,33,4,4,85,4,8,6,89,233,14,0,7,160,80,0,0,247,0,0
509,23,0,3,31,4,3,0,35,99,3,0,4,60,38,0,0,102,0,0
510,45,0,2,130,8,2,3,119,309,4,0,16,184,113,0,0,313,0,0
511,91,5,1,129,10,1,2,169,408,1,0,5,282,122,0,0,409,0,0
512,55,1,4,81,1,3,1,77,223,4,0,8,119,100,0,0,227,0,0
513,112,1,2,246,6,5,2,195,569,4,0,28,330,215,0,0,573,0,0
514,93,1,1,196,7,7,4,242,551,4,0,22,343,188,1,1,555,0,0
515,136,1,0,263,1,7,1,183,592,6,0,22,318,257,1,0,598,0,0
516,32,0,0,67,2,1,0,108,210,2,0,4,131,77,0,0,212,0,0
517,31,1,4,72,5,1,3,78,195,2,0,12,117,68,0,0,197,0,0
518,116,2,2,171,6,2,7,171,477,4,0,8,295,178,0,0,481,0,0
519,67,2,1,141,2,1,1,152,367,6,0,10,251,112,0,0,373,0,0
520,1,0,0,0,0,0,0,0,1,0,0,0,0,1,0,0,1,0,0
521,43,0,1,76,9,3,3,100,235,3,1,5,146,88,0,0,239,0,0
522,128,4,1,178,4,5,0,215,535,6,0,20,300,221,0,0,541,0,0
523,74,4,0,109,6,6,4,145,348,9,0,3,249,104,1,0,357,0,0
524,21,3,2,81,4,2,3,62,178,6,0,15,89,80,0,0,184,0,0
525,19,0,4,43,4,1,0,36,107,3,0,4,56,50,0,0,110,0,0
526,5,0,0,4,2,0,0,10,21,0,0,0,10,11,0,0,21,0,0
527,1,1,1,8,1,0,0,5,17,0,0,0,13,4,0,0,17,0,0
528,8,0,0,12,0,2,1,3,26,0,0,1,19,6,0,0,26,0,0
529,199,0,3,253,5,4,2,323,789,7,0,18,570,207,1,0,796,0,0
530,8,1,0,5,0,1,1,12,28,2,0,0,15,15,0,0,30,0,0
531,52,5,0,134,3,2,1,208,405,6,0,13,293,105,0,0,411,0,0
532,15,1,1,40,1,1,1,47,107,0,0,3,56,48,0,0,107,0,0
533,3,0,0,11,1,1,0,12,28,1,0,1,17,11,0,0,29,0,0
534,30,0,1,88,2,3,3,89,216,2,0,10,144,64,0,0,218,0,0
535,1,0,1,1,1,1,0,6,11,2,0,0,8,5,0,0,13,0,0
536,31,7,6,80,7,3,4,56,194,3,0,2,123,71,1,0,197,0,0
537,93,4,1,293,6,3,4,218,622,11,0,46,447,138,2,0,633,0,0
538,5,0,0,4,1,1,1,3,15,0,0,1,10,4,0,0,15,0,0
539,24,1,1,39,1,2,0,53,121,3,0,2,60,62,0,0,124,0,0
540,17,0,0,64,1,0,2,42,126,0,0,13,74,38,1,0,126,0,0
541,4,0,0,5,1,0,0,2,12,0,0,0,10,1,1,0,12,0,0
542,9,0,1,5,1,0,0,12,28,1,0,0,15,14,0,0,29,0,0
543,11,0,0,26,1,2,0,24,64,0,0,3,29,32,0,0,64,0,0
544,0,1,0,0,0,0,0,1,2,0,0,0,1,1,0,0,2,0,0
545,42,1,7,106,4,1,0,93,254,5,0,8,182,69,0,0,259,0,0
546,103,2,0,309,3,1,0,241,659,4,0,15,462,186,0,0,663,0,0
547,39,0,1,101,6,3,1,119,270,3,0,8,185,80,0,0,273,0,0
548,19,0,1,50,0,2,0,68,140,0,0,7,75,58,0,0,140,0,0
549,4,0,0,13,4,0,1,25,47,0,0,0,28,19,0,0,47,0,0
550,21,1,0,51,3,1,1,61,139,0,0,4,63,72,0,0,139,0,0
551,135,2,4,214,4,2,2,178,541,0,0,10,280,251,0,0,541,0,0
552,200,4,2,260,4,3,2,326,801,2,0,13,421,369,0,0,803,0,0
553,30,1,8,49,0,5,0,54,147,0,1,6,77,65,0,0,148,0,0
554,5,0,1,14,0,2,0,17,39,1,0,4,20,15,1,0,40,0,0
555,9,0,1,24,1,0,1,11,47,0,0,0,32,15,0,0,47,0,0
556,13,1,2,32,0,2,0,28,78,4,0,7,51,24,0,0,82,0,0
557,16,6,6,49,3,6,3,36,125,7,0,2,90,40,0,0,132,0,0
558,16,0,0,25,0,1,0,21,63,2,0,0,42,23,0,0,65,0,0
559,19,2,0,50,2,2,4,52,131,3,0,5,78,51,0,0,134,0,0
560,6,1,1,13,0,2,0,6,29,1,0,2,9,19,0,0,30,0,0
561,56,2,2,93,4,4,1,132,294,5,0,8,136,154,1,0,299,0,0
562,3,0,0,2,1,0,0,2,8,0,0,0,5,3,0,0,8,0,0
563,131,1,1,292,6,3,1,269,704,11,0,30,487,196,2,0,715,0,0
564,10,0,0,25,1,0,0,27,63,0,0,2,41,20,0,0,63,0,0
565,5,0,3,7,1,1,1,8,26,0,0,0,17,9,0,0,26,0,0
566,20,1,2,35,3,1,1,44,107,5,0,2,80,30,0,0,112,0,0
567,7,5,2,39,2,1,2,23,81,2,0,1,59,23,0,0,83,0,0
568,106,2,0,218,4,4,3,202,539,3,0,16,332,194,0,0,542,0,0
569,64,0,3,180,6,3,3,76,335,3,0,21,178,135,3,1,338,0,0
570,12,0,1,23,0,1,0,23,60,0,0,1,28,30,1,0,60,0,0
571,2,1,1,7,1,2,0,18,32,1,1,2,14,17,1,0,34,0,0
572,38,1,4,68,4,2,1,72,190,0,0,4,121,61,1,3,190,0,0
573,2,0,1,4,0,2,0,0,9,0,0,2,2,5,0,0,9,0,0
574,4,1,0,5,0,0,0,0,10,0,0,0,3,6,0,1,10,0,0
575,83,0,0,95,2,4,3,134,321,5,0,8,186,132,0,0,326,0,0
576,22,1,0,11,3,1,1,22,61,0,0,1,38,22,0,0,61,0,0
577,54,3,0,104,1,2,2,87,253,2,0,10,172,73,0,0,255,0,0
578,55,0,0,101,1,2,2,105,266,1,0,8,146,113,0,0,267,0,0
579,3,0,0,6,2,1,0,7,19,1,0,0,14,6,0,0,20,0,0
580,3,0,0,1,0,1,0,1,6,0,0,0,6,0,0,0,6,0,0
581,1,0,0,4,0,0,0,0,5,0,0,0,4,1,0,0,5,0,0
582,12,1,1,4,2,0,1,11,32,2,0,0,23,11,0,0,34,0,0
583,2,0,0,3,0,0,0,3,8,0,0,0,2,6,0,0,8,0,0
584,2,0,0,3,0,0,0,2,7,1,0,0,4,4,0,0,8,0,0
585,0,1,0,6,2,0,1,3,13,1,0,0,5,9,0,0,14,0,0
586,31,0,1,66,5,2,2,98,205,4,0,9,122,78,0,0,209,0,0
587,38,0,0,56,3,2,3,49,151,1,0,5,91,56,0,0,152,0,0
588,102,1,3,192,6,10,3,215,532,7,0,27,364,148,0,0,539,0,0
589,34,2,0,59,7,2,0,98,202,2,0,5,127,70,2,0,204,0,0
590,79,1,6,209,6,2,0,223,526,7,0,17,324,191,1,0,533,0,0
591,10,2,1,13,2,0,0,24,52,4,0,2,29,25,0,0,56,0,0
592,21,1,1,54,3,3,1,28,112,1,0,5,69,38,0,1,113,0,0
593,51,4,7,92,4,4,3,127,292,2,0,3,190,101,0,0,294,0,0
594,16,1,2,28,2,1,1,45,96,0,0,4,61,30,1,0,96,0,0
595,6,1,0,8,1,2,0,10,28,0,0,0,19,9,0,0,28,0,0
596,55,0,1,61,5,4,2,102,230,2,0,9,145,76,2,0,232,0,0
597,20,2,1,47,6,2,2,50,130,3,0,1,70,62,0,0,133,0,0
598,23,3,1,28,1,1,1,58,116,5,0,1,86,34,0,0,121,0,0
599,17,0,0,38,2,1,1,29,88,1,0,5,57,27,0,0,89,0,0
600,27,6,3,94,7,1,5,87,230,3,0,10,128,95,0,0,233,0,0
601,147,3,3,229,7,4,0,272,665,7,0,27,390,254,1,0,672,0,0
602,57,1,3,75,11,1,1,81,230,5,0,2,141,92,0,0,235,0,0
603,48,3,3,74,2,4,1,111,246,3,0,9,158,82,0,0,249,0,0
604,147,7,2,227,10,5,3,366,767,18,0,16,503,265,1,0,785,0,0
605,7,1,0,21,0,1,0,27,57,1,0,0,44,14,0,0,58,0,0
606,0,0,0,1,0,0,0,1,2,0,0,0,2,0,0,0,2,0,0
607,3,0,0,5,0,0,0,3,11,0,0,0,4,7,0,0,11,0,0
608,7,1,0,4,0,1,0,8,21,1,0,0,15,7,0,0,22,0,0
609,87,1,3,217,8,8,8,170,502,6,0,22,256,230,0,0,508,0,0
610,34,0,0,56,2,2,0,70,164,3,0,5,112,50,0,0,167,0,0
611,5,1,0,2,1,0,0,5,14,0,0,0,10,4,0,0,14,0,0
612,100,1,4,273,8,4,3,259,652,7,1,19,457,184,0,0,660,0,0
613,13,1,0,13,2,4,0,22,55,0,0,0,32,23,0,0,55,0,0
614,27,2,5,48,4,3,2,41,132,1,0,3,89,41,0,0,133,0,0
615,40,4,0,64,1,1,0,104,214,3,1,6,135,77,0,0,218,0,0
616,71,6,1,153,6,4,2,180,423,2,0,12,269,143,0,1,425,0,0
617,42,3,5,67,7,5,1,78,208,3,0,5,139,67,0,0,211,0,0
618,34,1,2,71,6,1,1,97,213,6,0,8,129,82,0,0,219,0,0
619,155,3,1,277,4,9,4,340,793,8,0,27,555,217,2,0,801,0,0
620,72,0,3,167,4,8,4,77,335,4,0,19,238,82,0,0,339,0,0
621,12,0,0,34,0,0,2,27,75,0,0,2,41,32,0,0,75,0,0
622,100,2,0,160,10,6,1,190,469,9,0,14,332,131,1,0,478,0,0
623,37,5,0,67,3,1,2,74,189,4,0,9,124,60,0,0,193,0,0
624,53,4,0,94,3,3,2,90,249,5,0,0,144,110,0,0,254,0,0
625,65,3,6,128,4,5,1,106,318,7,0,11,195,119,0,0,325,0,0
626,97,4,0,217,5,5,6,169,503,6,0,14,318,176,1,0,509,0,0
627,10,2,2,48,5,1,2,38,108,1,0,12,62,35,0,0,109,0,0
628,17,2,1,30,1,2,1,21,75,2,0,7,46,24,0,0,77,0,0
629,1,0,0,3,1,0,1,2,8,0,0,0,6,2,0,0,8,0,0
630,8,0,0,12,1,0,1,10,32,2,0,0,23,11,0,0,34,0,0
631,61,2,2,161,5,5,3,171,410,6,0,19,278,119,0,0,416,0,0
632,62,3,2,115,5,2,3,161,353,2,0,3,243,109,0,0,355,0,0
633,101,3,3,253,4,6,3,236,609,4,0,22,338,252,1,0,613,0,0
634,43,1,2,93,2,7,1,95,244,7,0,5,159,87,0,0,251,0,0
635,77,3,2,167,4,2,5,211,471,5,0,15,310,151,0,0,476,0,0
636,80,2,0,169,3,0,0,235,489,7,0,8,341,147,0,0,496,0,0
637,28,1,2,42,2,4,2,48,129,2,0,5,66,60,0,0,131,0,0
638,8,0,1,7,1,0,1,10,28,1,0,0,20,9,0,0,29,0,0
639,66,0,7,142,6,2,1,168,392,9,0,19,277,105,0,0,401,0,0
640,108,4,1,139,7,5,0,150,414,2,0,13,258,145,0,0,416,0,0
641,86,2,1,123,1,1,3,141,358,5,0,15,228,120,0,0,363,0,0
642,79,0,1,131,0,2,0,123,336,1,0,10,191,134,2,0,337,0,0
643,56,1,2,119,2,2,5,113,300,2,0,2,209,91,0,0,302,0,0
644,83,6,7,154,5,6,5,165,431,3,0,22,268,141,2,1,434,0,0
645,17,0,1,49,2,0,1,47,117,3,0,5,53,62,0,0,120,0,0
646,14,3,6,41,5,5,3,54,131,10,0,3,75,62,1,0,141,0,0
647,23,7,5,63,9,4,3,53,167,15,0,1,109,71,1,0,182,0,0
648,80,1,1,181,9,6,4,188,470,4,0,16,283,174,1,0,474,0,0
649,10,8,8,80,5,7,3,57,178,4,0,7,104,70,1,0,182,0,0
650,115,6,3,245,3,4,4,268,648,6,0,18,448,185,1,2,654,0,0
651,45,4,5,72,5,2,1,76,210,6,0,5,143,68,0,0,216,0,0
652,14,1,2,51,2,3,0,22,95,1,0,3,58,35,0,0,96,0,0
653,5,0,0,5,0,1,1,5,17,0,0,0,11,6,0,0,17,0,0
654,27,5,0,72,4,4,0,64,176,1,0,9,118,50,0,0,177,0,0
655,67,3,4,112,4,0,1,149,340,4,0,14,178,152,0,0,344,0,0
656,1,0,0,5,1,0,0,2,9,0,0,0,1,8,0,0,9,0,0
657,18,1,3,52,1,0,1,70,146,3,0,8,98,43,0,0,149,0,0
658,39,0,3,133,6,3,1,135,320,2,0,13,196,113,0,0,322,0,0
659,84,1,1,161,2,4,1,204,458,4,0,12,283,167,0,0,462,0,0
660,12,0,2,9,1,4,0,18,46,1,0,1,37,9,0,0,47,0,0
661,74,2,2,119,4,3,4,126,334,3,0,9,206,122,0,0,337,0,0
662,62,3,0,133,3,4,3,153,361,2,0,12,246,104,1,0,363,0,0
663,11,0,0,31,0,1,0,28,71,0,0,1,49,21,0,0,71,0,0
664,9,0,0,33,1,1,2,29,75,0,0,7,44,24,0,0,75,0,0
665,85,4,1,190,7,10,1,187,485,7,0,14,333,143,2,0,492,0,0
667,86,1,1,111,1,0,1,112,313,2,0,18,180,115,1,1,315,0,0
668,88,3,3,135,9,1,3,169,411,1,0,17,239,156,0,0,412,0,0
669,128,4,1,228,6,3,1,245,616,6,0,23,315,283,1,0,622,0,0
670,108,3,2,322,9,4,4,316,768,4,0,26,544,200,2,0,772,0,0
671,57,2,2,75,6,7,2,112,263,2,0,5,154,106,0,0,265,0,0
672,85,3,3,115,2,2,2,186,398,2,0,3,250,145,2,0,400,0,0
673,95,0,1,214,3,2,1,237,553,7,0,32,376,151,1,0,560,0,0
674,126,2,5,250,13,5,4,295,700,7,0,12,443,252,0,0,707,0,0
675,55,0,1,74,3,4,1,111,249,1,0,3,159,87,1,0,250,0,0
676,29,3,2,59,3,3,1,74,174,3,0,5,103,68,0,1,177,0,0
677,6,0,0,19,0,0,1,13,39,0,0,2,19,18,0,0,39,0,0
678,4,0,0,16,0,0,0,12,32,1,0,0,22,11,0,0,33,0,0
679,30,0,0,61,2,1,1,65,160,9,0,4,116,49,0,0,169,0,0
680,1,0,0,0,1,0,0,0,2,0,0,0,1,1,0,0,2,0,0
681,3,0,0,2,0,0,0,1,6,1,0,0,2,5,0,0,7,0,0
682,61,2,1,136,6,4,1,192,403,4,0,16,237,154,0,0,407,0,0
683,1,0,0,2,0,0,0,1,4,0,0,0,2,2,0,0,4,0,0
684,82,4,4,92,5,6,3,142,338,4,0,7,202,133,0,0,342,0,0
685,4,0,0,12,0,0,1,7,24,0,0,2,16,6,0,0,24,0,0
686,2,0,0,3,1,0,0,6,12,0,0,0,7,5,0,0,12,0,0
687,80,3,1,168,5,4,0,146,407,5,0,5,253,154,0,0,412,0,0
688,107,0,4,204,5,3,1,234,558,3,0,17,385,158,1,0,561,0,0
689,30,2,1,54,1,0,1,41,130,4,0,2,63,69,0,0,134,0,0
690,115,6,2,258,4,3,2,271,661,3,0,9,410,238,4,3,664,0,0
691,163,6,3,238,4,5,3,319,741,5,0,11,496,239,0,0,746,0,0
692,89,5,1,201,5,9,0,225,535,5,1,20,334,186,1,0,541,0,0
693,9,1,0,10,2,1,0,17,40,1,0,2,24,15,0,0,41,0,0
694,21,1,0,44,1,3,1,47,118,0,1,7,75,37,0,0,119,0,0
695,14,1,1,53,2,3,0,77,151,0,0,11,93,47,0,0,151,0,0
696,24,1,1,65,2,1,0,70,164,0,0,9,100,55,0,0,164,0,0
697,18,1,1,44,2,4,0,37,107,1,0,1,65,42,0,0,108,0,0
698,6,0,0,11,0,0,0,5,22,0,0,3,13,6,0,0,22,0,0
699,45,1,2,149,5,3,5,132,342,5,0,13,233,99,2,0,347,0,0
700,40,0,2,77,6,1,1,127,254,1,0,5,169,81,0,0,255,0,0
701,6,1,0,8,1,0,0,20,36,0,0,2,26,8,0,0,36,0,0
702,4,0,0,6,2,1,0,8,21,0,0,2,6,13,0,0,21,0,0
703,101,6,3,286,2,9,14,231,652,3,0,33,411,210,0,1,655,0,0
704,107,2,1,224,11,4,1,229,579,11,0,22,376,192,0,0,590,0,0
705,2,1,1,2,0,0,1,2,9,0,0,1,1,7,0,0,9,0,0
706,24,1,2,61,1,1,3,68,161,3,0,9,100,55,0,0,164,0,0
707,24,1,1,59,3,2,1,68,159,2,0,1,114,46,0,0,161,0,0
708,2,0,1,7,1,0,0,9,20,0,0,0,6,14,0,0,20,0,0
709,78,2,2,127,8,9,1,149,376,5,0,7,259,115,0,0,381,0,0
710,60,3,0,122,5,0,2,66,258,7,0,4,137,124,0,0,265,0,0
711,68,7,1,175,10,6,2,137,406,2,0,19,220,168,1,0,408,0,0
712,35,1,4,44,5,1,0,73,163,5,0,1,103,64,0,0,168,0,0
713,34,1,1,39,4,0,1,58,138,4,0,2,68,72,0,0,142,0,0
714,5,0,0,4,1,1,0,5,16,0,0,0,9,7,0,0,16,0,0
715,4,0,0,5,0,0,0,6,15,0,0,0,8,7,0,0,15,0,0
716,50,0,3,102,4,3,3,154,319,1,0,17,186,116,0,1,320,0,0
717,6,0,1,17,0,0,1,6,31,2,0,0,19,14,0,0,33,0,0
718,96,2,0,241,8,5,9,197,558,6,0,20,353,190,0,1,564,0,0
719,13,0,1,34,2,1,0,62,113,3,0,8,64,43,0,1,116,0,0
720,41,0,3,142,3,5,0,121,315,1,0,15,199,99,3,0,316,0,0
721,63,1,2,194,3,4,0,177,444,2,0,10,281,155,0,0,446,0,0
722,7,0,1,9,1,0,0,16,34,0,0,0,26,8,0,0,34,0,0
723,20,3,2,24,2,2,1,36,90,1,0,5,63,23,0,0,91,0,0
724,22,0,0,70,0,1,0,73,166,2,0,4,107,57,0,0,168,0,0
725,17,0,1,48,3,0,0,75,144,1,1,9,102,35,0,0,146,0,0
726,110,5,0,148,3,2,0,204,472,4,0,2,322,151,1,0,476,0,0
727,2,0,0,12,1,0,0,17,32,0,0,5,25,2,0,0,32,0,0
728,18,1,0,30,1,2,1,37,90,0,0,0,58,32,0,0,90,0,0
729,3,1,0,6,0,0,0,3,13,0,0,0,9,4,0,0,13,0,0
730,92,1,1,199,5,6,2,114,420,1,0,13,241,166,0,1,421,0,0
731,18,0,3,60,11,7,0,46,145,2,0,4,94,49,0,0,147,0,0
732,47,0,1,74,1,4,0,89,216,1,0,13,138,66,0,0,217,0,0
733,3,0,0,3,0,0,0,1,7,0,0,0,3,4,0,0,7,0,0
734,86,3,3,106,2,2,2,151,355,3,0,2,270,86,0,0,358,0,0
735,79,4,2,135,5,5,0,161,391,6,1,16,196,185,1,0,398,0,0
736,35,0,1,67,1,2,0,47,153,2,0,2,83,70,0,0,155,0,0
737,0,0,0,2,0,0,0,0,2,0,0,2,0,0,0,0,2,0,0
738,0,0,0,1,0,0,0,0,1,0,0,0,0,1,0,0,1,0,0
739,18,1,0,58,2,2,2,57,140,4,0,8,93,43,0,0,144,0,0
740,6,0,0,28,3,0,1,26,64,0,0,5,39,20,0,0,64,0,0
741,14,2,1,36,1,1,0,35,90,2,0,2,57,33,0,0,92,0,0
742,28,0,2,47,2,0,0,46,125,1,0,4,62,60,0,0,126,0,0
743,2,0,0,1,0,0,0,8,11,0,0,0,6,5,0,0,11,0,0
744,45,1,0,123,2,6,1,96,274,3,0,5,172,100,0,0,277,0,0
745,44,3,0,125,8,5,4,132,321,10,0,15,190,126,0,0,331,0,0
746,7,1,1,22,1,0,0,27,59,1,0,3,39,18,0,0,60,0,0
747,25,1,1,47,3,3,0,57,137,2,0,8,82,49,0,0,139,0,0
748,21,0,0,32,3,2,2,37,97,3,0,3,58,39,0,0,100,0,0
749,0,2,1,3,0,0,1,6,13,0,0,0,9,4,0,0,13,0,0
750,14,0,1,32,0,2,2,20,71,2,0,5,48,20,0,0,73,0,0
751,32,0,2,67,3,5,0,85,194,1,0,12,133,50,0,0,195,0,0
752,26,0,1,60,1,2,0,63,153,4,0,11,110,36,0,0,157,0,0
753,3,0,0,10,1,2,0,6,22,0,0,0,11,11,0,0,22,0,0
754,1,0,0,2,1,1,1,2,8,0,0,0,5,3,0,0,8,0,0
755,19,1,1,57,0,1,2,47,128,0,0,0,69,59,0,0,128,0,0
756,24,1,1,40,1,1,2,30,100,1,0,5,69,26,1,0,101,0,0
757,12,0,2,20,2,0,2,29,67,1,0,0,44,24,0,0,68,0,0
758,78,3,0,160,5,2,1,175,424,4,0,5,270,153,0,0,428,0,0
759,53,0,1,58,3,3,0,88,206,4,0,6,147,57,0,0,210,0,0
760,127,2,1,286,2,5,3,224,650,7,0,20,467,170,0,0,657,0,0
761,83,0,4,149,3,4,0,113,356,1,0,3,275,78,1,0,357,0,0
762,21,1,3,63,1,1,3,57,150,7,0,5,107,45,0,0,157,0,0
763,7,0,0,13,1,2,1,17,41,0,0,0,17,24,0,0,41,0,0
764,42,1,1,102,7,1,1,96,251,3,0,9,150,95,0,0,254,0,0
765,27,2,1,67,0,2,0,82,181,4,0,2,121,62,0,0,185,0,0
766,1,0,0,4,0,0,1,3,9,0,0,0,5,4,0,0,9,0,0
767,0,0,0,1,0,0,0,5,6,0,0,0,5,1,0,0,6,0,0
768,110,3,1,153,3,4,4,165,443,6,0,7,279,163,0,0,449,0,0
769,0,0,0,1,0,0,0,2,3,0,0,0,0,3,0,0,3,0,0
770,2,0,0,2,1,0,0,2,7,0,0,0,2,5,0,0,7,0,0
771,13,0,1,14,1,1,0,30,60,0,0,2,35,23,0,0,60,0,0
772,158,0,1,383,4,1,5,296,848,6,0,32,574,247,1,0,854,0,0
773,21,2,5,40,2,0,3,34,107,5,0,3,70,39,0,0,112,0,0
774,3,0,0,5,0,0,0,8,16,0,0,1,11,4,0,0,16,0,0
775,39,0,2,76,0,3,2,63,185,4,0,0,95,94,0,0,189,0,0
776,52,0,6,102,4,6,2,111,283,1,0,4,188,92,0,0,284,0,0
777,4,0,0,2,0,0,0,5,11,0,0,0,3,8,0,0,11,0,0
778,1,0,0,4,1,1,0,4,11,0,0,0,9,2,0,0,11,0,0
779,5,0,0,9,3,0,0,10,27,1,0,1,19,8,0,0,28,0,0
780,5,0,0,4,2,0,0,6,17,1,0,1,11,6,0,0,18,0,0
781,22,5,5,73,4,5,3,54,171,5,0,7,109,58,2,0,176,0,0
782,39,0,3,106,4,3,1,147,303,4,0,15,192,100,0,0,307,0,0
783,3,0,0,4,0,1,0,5,13,0,0,0,8,5,0,0,13,0,0
784,1,1,0,1,0,0,0,3,6,0,0,0,0,6,0,0,6,0,0
785,40,1,1,55,2,5,1,65,170,1,0,2,94,73,0,2,171,0,0
786,6,0,1,4,6,0,0,17,34,0,0,1,19,14,0,0,34,0,0
787,4,0,0,1,0,0,0,5,10,0,0,2,5,3,0,0,10,0,0
788,1,0,0,11,0,0,0,14,26,0,0,2,18,6,0,0,26,0,0
789,70,3,0,116,3,0,2,118,312,3,0,7,209,99,0,0,315,0,0
790,33,0,3,37,7,5,3,83,171,4,0,7,107,61,0,0,175,0,0
792,13,0,0,31,0,0,0,16,60,0,0,2,33,25,0,0,60,0,0
793,26,3,1,87,1,2,2,47,169,2,0,6,108,57,0,0,171,0,0
794,1,0,0,1,0,0,0,1,3,0,0,0,1,2,0,0,3,0,0
795,5,0,0,12,1,0,0,14,32,0,0,4,16,12,0,0,32,0,0
796,43,1,2,55,5,4,1,77,188,3,0,1,110,80,0,0,191,0,0
798,2,0,0,7,0,1,1,19,30,2,0,0,21,11,0,0,32,0,0
799,5,1,0,9,1,0,0,11,27,0,0,0,13,14,0,0,27,0,0
800,92,4,5,145,3,7,1,153,410,4,0,12,259,143,0,0,414,0,0
801,3,0,2,5,1,0,0,5,16,0,0,0,10,6,0,0,16,0,0
803,115,4,1,188,4,3,2,247,564,7,0,15,392,164,0,0,571,0,0
804,42,6,3,69,11,5,6,57,199,2,0,2,140,58,1,0,201,0,0
805,120,2,2,188,3,2,2,184,503,3,0,19,315,171,0,1,506,0,0
806,88,5,1,101,9,3,2,139,348,3,0,13,241,97,0,0,351,0,0
807,10,0,0,14,0,0,0,10,34,0,0,0,24,10,0,0,34,0,0
808,0,0,0,1,0,0,1,1,3,0,0,0,2,1,0,0,3,0,0
809,0,0,0,3,0,0,0,2,5,1,0,0,5,1,0,0,6,0,0
810,0,0,0,1,0,0,0,0,1,0,0,0,1,0,0,0,1,0,0
811,1,0,0,2,1,0,0,1,5,0,0,0,3,2,0,0,5,0,0
812,0,0,0,0,0,0,0,0,0,0,0,0,0,0,0,0,0,0,0
813,60,3,7,79,8,4,6,95,262,3,0,9,175,80,0,1,265,0,0
814,6,1,1,15,1,2,1,30,57,5,0,3,35,24,0,0,62,0,0
816,0,0,0,0,1,1,0,0,2,0,0,0,0,2,0,0,2,0,0
817,41,1,3,90,4,3,0,103,245,2,0,5,162,80,0,0,247,0,0
818,2,0,0,7,1,1,0,10,21,0,0,1,12,8,0,0,21,0,0
819,6,0,0,13,0,0,1,6,26,1,0,0,12,14,1,0,27,0,0
820,14,0,0,27,3,0,0,26,70,0,0,3,35,32,0,0,70,0,0
821,5,0,1,5,1,1,0,7,20,1,0,1,15,5,0,0,21,0,0
822,1,0,1,0,0,0,0,1,3,0,0,0,2,1,0,0,3,0,0
823,45,3,3,97,4,2,2,108,264,5,0,7,179,83,0,0,269,0,0
824,8,0,1,21,6,0,0,19,55,0,0,5,41,9,0,0,55,0,0
825,56,1,2,93,10,2,2,103,269,9,0,1,174,103,0,0,278,0,0
826,5,0,0,16,0,0,0,10,31,0,0,2,15,14,0,0,31,0,0
827,2,0,1,6,0,0,0,9,18,0,0,0,8,10,0,0,18,0,0
828,73,1,2,131,3,3,1,159,373,3,0,7,253,116,0,0,376,0,0
829,3,0,0,1,0,0,0,7,11,0,0,0,9,2,0,0,11,0,0
830,0,0,0,1,0,0,0,0,1,0,0,0,1,0,0,0,1,0,0
831,14,1,0,19,0,1,1,22,58,0,0,1,37,20,0,0,58,0,0
832,4,0,0,3,0,0,0,2,9,0,0,0,3,6,0,0,9,0,0
834,0,0,0,0,0,0,0,0,0,0,0,0,0,0,0,0,0,0,0
835,1,0,0,2,0,0,0,2,5,1,0,0,2,4,0,0,6,0,0
836,0,0,0,0,1,0,0,0,1,0,0,0,0,1,0,0,1,0,0
837,0,0,0,2,0,0,0,0,2,0,0,0,0,2,0,0,2,0,0
839,5,0,0,9,0,0,1,9,24,2,0,0,13,13,0,0,26,0,0
840,11,0,0,34,3,0,2,44,94,2,0,6,68,21,1,0,96,0,0
841,30,2,1,32,2,4,2,61,134,3,0,2,90,43,1,1,137,0,0
842,23,1,0,36,2,0,1,33,96,1,0,9,64,24,0,0,97,0,0
843,6,0,2,17,1,0,0,14,40,0,0,4,27,9,0,0,40,0,0
844,124,1,2,165,1,3,2,213,511,6,0,10,303,203,1,0,517,0,0
845,3,0,0,19,2,0,0,17,41,0,0,5,29,6,1,0,41,0,0
846,6,0,0,10,2,0,0,7,25,0,0,0,9,16,0,0,25,0,0
847,26,2,1,18,6,0,1,37,91,3,0,0,54,40,0,0,94,0,0
848,16,1,1,48,1,1,0,31,99,3,0,4,68,30,0,0,102,0,0
849,20,1,3,36,7,6,1,32,106,5,0,3,60,48,0,0,111,0,0
850,3,0,0,8,1,0,0,2,14,0,0,1,8,5,0,0,14,0,0
851,82,1,0,158,6,6,5,188,446,4,0,19,264,167,0,0,450,0,0
852,76,1,2,96,4,1,0,198,378,2,0,3,204,172,1,0,380,0,0
853,98,2,1,180,4,3,1,183,472,2,0,25,284,164,1,0,474,0,0
854,0,0,0,2,0,1,1,0,4,0,0,0,3,1,0,0,4,0,0
855,17,1,0,19,1,1,0,30,69,0,0,1,34,34,0,0,69,0,0
858,0,0,0,0,0,0,1,1,2,0,0,0,2,0,0,0,2,0,0
859,7,1,1,12,4,1,1,17,44,1,0,0,22,23,0,0,45,0,0
860,74,6,1,102,3,0,2,103,291,2,0,8,203,82,0,0,293,0,0
861,5,1,0,17,1,0,0,12,36,2,0,0,28,10,0,0,38,0,0
862,117,1,3,120,9,6,0,164,420,5,0,17,287,121,0,0,425,0,0
863,2,0,0,0,0,0,0,1,3,0,0,0,3,0,0,0,3,0,0
864,16,1,0,19,2,2,1,18,59,0,0,2,27,30,0,0,59,0,0
865,42,1,0,68,1,2,2,52,168,2,0,7,99,64,0,0,170,0,0
867,9,0,1,5,1,1,0,7,24,1,0,0,10,15,0,0,25,0,0
868,10,0,3,29,1,1,1,24,69,1,0,2,34,34,0,0,70,0,0
869,0,0,0,1,0,0,1,1,3,0,0,0,2,1,0,0,3,0,0
871,2,0,0,3,0,1,0,2,8,0,0,0,5,1,0,2,8,0,0
872,6,0,0,24,0,0,0,22,52,1,0,1,28,24,0,0,53,0,0
873,6,0,0,8,2,1,0,10,27,0,0,0,16,11,0,0,27,0,0
874,87,2,4,200,3,6,5,223,530,6,0,29,251,256,0,0,536,0,0
875,58,2,2,104,9,8,1,108,292,0,0,9,202,81,0,0,292,0,0
876,49,0,0,58,0,3,1,82,193,1,0,4,110,80,0,0,194,0,0
877,24,1,0,36,3,2,0,44,110,2,0,1,61,50,0,0,112,0,0
878,80,1,1,108,1,1,2,95,289,1,0,16,175,99,0,0,290,0,0
879,31,2,3,67,9,3,2,68,185,2,0,2,111,74,0,0,187,0,0
880,118,1,0,187,6,1,4,181,498,6,0,17,259,227,1,0,504,0,0
881,9,0,1,43,3,3,0,41,100,0,0,3,60,37,0,0,100,0,0
882,40,3,5,59,4,1,1,67,180,1,0,4,101,76,0,0,181,0,0
883,9,1,1,7,3,5,1,12,39,0,0,0,24,15,0,0,39,0,0
884,1,0,0,5,0,0,0,1,7,0,0,2,5,0,0,0,7,0,0
885,75,1,1,132,4,4,2,139,358,5,0,9,232,122,0,0,363,0,0
886,10,0,1,28,0,0,1,22,62,0,0,2,36,24,0,0,62,0,0
887,6,1,0,8,0,0,0,3,18,0,0,0,9,9,0,0,18,0,0
888,23,1,1,30,2,3,1,31,92,2,0,5,68,21,0,0,94,0,0
889,0,0,0,3,0,0,0,0,3,0,0,0,1,2,0,0,3,0,0
890,15,0,0,24,1,0,2,25,67,1,0,0,39,29,0,0,68,0,0
891,17,0,0,49,1,2,1,32,102,1,0,15,55,31,2,0,103,0,0
892,7,0,0,14,1,0,0,20,42,0,0,0,28,14,0,0,42,0,0
893,32,0,2,43,4,4,0,52,137,3,0,2,88,49,1,0,140,0,0
894,11,0,0,11,1,0,0,10,33,1,0,0,23,11,0,0,34,0,0
895,15,1,0,37,1,2,0,26,82,0,0,0,41,41,0,0,82,0,0
896,25,0,0,89,1,0,0,31,146,0,0,2,73,70,1,0,146,0,0
897,26,1,2,39,3,2,1,53,127,2,0,1,83,45,0,0,129,0,0
898,23,3,3,36,1,5,0,36,107,1,0,2,61,45,0,0,108,0,0
899,42,1,1,72,2,1,1,58,178,0,0,3,120,54,1,0,178,0,0
900,0,0,0,0,0,0,0,0,0,0,0,0,0,0,0,0,0,0,0
901,19,1,2,36,3,2,3,34,100,0,0,3,61,36,0,0,100,0,0
902,76,1,0,155,6,1,2,101,342,7,0,12,199,138,0,0,349,0,0
903,112,4,0,157,2,6,1,193,475,4,0,11,285,182,0,1,479,0,0
905,6,0,2,22,1,1,0,18,50,1,0,0,35,15,0,1,51,0,0
906,98,3,0,201,2,1,1,163,469,2,0,12,324,135,0,0,471,0,0
907,1,0,0,2,0,0,0,1,4,0,0,0,2,2,0,0,4,0,0
908,0,0,0,0,0,0,0,0,0,0,0,0,0,0,0,0,0,0,0
909,93,2,2,77,1,0,1,119,295,3,0,2,180,115,1,0,298,0,0
910,2,0,0,0,1,0,1,6,10,0,0,0,3,7,0,0,10,0,0
911,7,1,0,26,0,0,0,21,55,1,0,3,36,17,0,0,56,0,0
912,21,4,3,69,2,1,2,59,161,3,0,6,112,46,0,0,164,0,0
913,0,0,0,0,0,0,0,3,3,0,0,0,2,1,0,0,3,0,0
914,0,0,0,3,0,0,0,0,3,0,0,0,3,0,0,0,3,0,0
915,67,3,1,84,5,4,4,112,280,2,0,2,184,96,0,0,282,0,0
916,179,4,3,161,9,7,2,220,585,5,0,17,364,209,0,0,590,0,0
918,0,0,0,0,0,0,0,0,0,0,0,0,0,0,0,0,0,0,0
919,71,3,0,191,2,6,1,122,396,3,0,12,225,162,0,0,399,0,0
920,1,0,0,14,1,0,0,1,17,0,0,0,13,4,0,0,17,0,0
921,17,0,0,23,1,1,0,21,63,0,0,4,45,14,0,0,63,0,0
923,82,0,0,132,3,2,1,149,369,4,0,6,271,96,0,0,373,0,0
926,72,0,2,78,8,1,1,116,278,2,0,7,171,102,0,0,280,0,0
927,78,1,2,138,4,0,3,128,354,0,0,6,213,135,0,0,354,0,0
928,8,0,0,47,3,0,0,22,80,0,0,0,44,36,0,0,80,0,0
930,1,0,0,1,0,0,0,8,10,0,0,0,5,5,0,0,10,0,0
931,3,0,0,12,0,0,0,2,17,0,0,1,12,4,0,0,17,0,0
933,7,0,0,39,1,0,0,16,63,2,0,10,33,19,3,0,65,0,0
934,1,0,0,7,0,0,0,2,10,0,0,0,3,7,0,0,10,0,0
935,23,1,1,41,2,3,2,45,118,1,0,3,77,39,0,0,119,0,0
936,2,0,0,2,0,0,0,1,5,0,0,0,3,2,0,0,5,0,0
937,37,0,1,111,2,2,2,55,210,1,0,9,125,77,0,0,211,0,0
938,0,0,0,0,0,0,0,0,0,1,0,0,1,0,0,0,1,0,0
940,0,0,0,0,0,0,0,0,0,0,0,0,0,0,0,0,0,0,0
941,13,0,0,12,0,2,2,33,62,2,0,2,31,31,0,0,64,0,0
942,0,0,0,3,0,0,0,2,5,1,0,3,1,2,0,0,6,0,0
943,3,0,0,4,1,2,0,6,16,1,0,2,9,6,0,0,17,0,0
944,1,0,0,1,2,1,0,0,5,0,0,0,0,5,0,0,5,0,0
945,0,0,0,1,0,0,0,1,2,1,0,0,1,2,0,0,3,0,0
946,7,0,0,14,1,3,1,24,50,1,0,1,24,26,0,0,51,0,0
947,19,0,1,40,1,1,1,24,87,0,0,2,41,44,0,0,87,0,0
948,11,0,1,62,1,2,0,34,111,2,0,4,70,37,2,0,113,0,0
949,8,1,1,28,0,2,0,18,58,1,0,3,25,31,0,0,59,0,0
950,0,0,0,0,0,0,0,0,0,0,0,0,0,0,0,0,0,0,0
951,1,0,0,6,0,1,0,2,10,0,0,0,6,4,0,0,10,0,0
952,2,0,0,1,0,0,0,3,6,0,0,1,3,2,0,0,6,0,0
953,6,1,0,14,0,1,0,9,31,0,0,1,17,13,0,0,31,0,0
954,0,0,1,1,0,1,0,2,5,0,0,0,3,2,0,0,5,0,0
955,84,2,3,179,6,0,1,155,430,7,0,9,286,141,1,0,437,0,0
956,13,0,0,11,3,1,0,13,41,0,0,0,23,18,0,0,41,0,0
957,0,0,1,6,2,1,0,7,17,2,0,0,8,11,0,0,19,0,0
958,6,2,0,14,0,5,0,15,42,0,0,0,19,23,0,0,42,0,0
959,0,0,0,0,0,0,0,0,0,0,0,0,0,0,0,0,0,0,0
960,11,3,1,18,3,0,0,17,53,1,0,0,29,25,0,0,54,0,0
961,10,0,0,5,2,2,0,12,31,0,0,0,18,12,0,1,31,0,0
962,0,0,0,1,0,0,0,0,1,0,0,0,1,0,0,0,1,0,0
963,8,2,0,18,1,1,0,18,48,0,0,0,31,17,0,0,48,0,0
964,49,0,0,69,3,1,4,78,204,0,0,6,130,68,0,0,204,0,0
965,4,0,0,12,0,0,0,3,19,0,0,1,11,7,0,0,19,0,0
966,5,0,0,16,0,1,2,20,44,0,0,1,21,21,1,0,44,0,0
967,5,0,2,10,0,2,0,10,29,3,0,1,17,14,0,0,32,0,0
968,35,1,2,20,4,2,3,26,93,2,0,2,62,31,0,0,95,0,0
969,0,0,0,3,0,0,1,1,5,0,0,0,4,1,0,0,5,0,0
970,1,0,0,2,0,0,0,1,4,1,0,0,4,1,0,0,5,0,0
971,5,0,0,11,2,0,0,8,26,0,0,1,8,17,0,0,26,0,0
972,117,2,1,190,2,9,2,191,514,1,0,2,367,145,1,0,515,0,0
973,43,1,1,71,2,2,1,61,182,1,0,6,115,62,0,0,183,0,0
974,14,0,2,14,3,0,1,26,60,1,0,0,37,24,0,0,61,0,0
975,7,0,0,6,0,0,0,13,26,0,0,1,13,12,0,0,26,0,0
976,5,0,0,12,0,1,0,21,39,1,0,0,24,16,0,0,40,0,0
977,6,0,1,15,0,1,2,8,33,0,0,2,15,16,0,0,33,0,0
978,8,0,0,4,0,0,0,7,19,0,0,1,11,7,0,0,19,0,0
980,46,1,1,77,4,1,1,80,211,1,0,7,128,77,0,0,212,0,0
981,2,0,0,12,0,1,0,7,22,0,0,0,14,8,0,0,22,0,0
982,123,0,4,157,4,1,2,217,508,5,0,5,333,174,1,0,513,0,0
983,60,2,4,104,6,1,2,150,329,3,0,5,202,124,1,0,332,0,0
984,0,0,0,2,0,0,0,0,2,0,0,0,0,2,0,0,2,0,0
985,5,0,0,15,2,0,0,8,30,0,0,0,24,6,0,0,30,0,0
986,1,0,0,2,1,0,1,7,12,0,0,0,10,2,0,0,12,0,0
987,1,0,0,2,0,0,0,2,5,0,0,1,3,1,0,0,5,0,0
988,104,3,2,155,3,3,4,210,484,2,0,13,336,137,0,0,486,0,0
989,0,0,0,0,0,0,0,1,1,0,0,0,1,0,0,0,1,0,0
990,0,0,0,1,0,0,0,1,2,0,0,0,1,1,0,0,2,0,0
991,40,4,3,52,4,0,3,80,186,2,0,6,135,47,0,0,188,0,0
992,23,0,0,29,0,3,0,34,89,0,0,1,58,30,0,0,89,0,0
994,15,0,2,14,0,0,0,21,52,1,0,0,27,26,0,0,53,0,0
995,7,1,0,13,0,0,0,16,37,0,0,0,22,15,0,0,37,0,0
996,5,1,1,35,0,0,2,28,72,2,0,7,53,14,0,0,74,0,0
997,1,1,0,4,0,0,0,6,12,1,0,0,4,9,0,0,13,0,0
1000,0,0,0,4,0,0,0,4,8,0,0,0,7,1,0,0,8,0,0
1001,4,1,1,11,1,2,1,22,43,3,0,0,38,8,0,0,46,0,0
1002,3,0,0,2,0,1,0,4,10,0,0,0,4,6,0,0,10,0,0
1003,0,0,0,1,0,0,0,3,4,0,0,0,4,0,0,0,4,0,0
1004,21,1,1,19,2,1,0,27,72,0,0,0,46,26,0,0,72,0,0
1006,8,0,0,2,1,0,1,9,21,1,0,2,12,8,0,0,22,0,0
1007,23,1,0,24,3,3,1,18,73,0,0,2,39,32,0,0,73,0,0
1008,58,0,0,72,4,3,0,107,244,5,0,3,175,71,0,0,249,0,0
1009,2,0,2,2,1,2,0,6,15,1,0,0,11,5,0,0,16,0,0
1010,9,0,0,11,2,0,0,12,34,0,0,0,25,9,0,0,34,0,0
1011,0,0,0,0,0,0,0,0,0,0,0,0,0,0,0,0,0,0,0
1012,6,2,1,27,0,1,0,15,52,0,0,2,23,27,0,0,52,0,0
1016,66,3,1,153,8,3,0,174,408,3,0,15,236,160,0,0,411,0,0
1017,1,0,0,0,0,0,0,0,1,0,0,0,1,0,0,0,1,0,0
1019,2,0,0,2,0,0,0,0,4,0,0,0,3,1,0,0,4,0,0
1020,18,1,0,20,2,1,1,29,72,2,0,4,47,23,0,0,74,0,0
1021,6,2,0,36,0,1,0,34,79,0,0,9,56,14,0,0,79,0,0
1022,85,3,1,90,3,1,0,125,308,7,0,8,194,113,0,0,315,0,0
1023,2,0,0,7,0,2,1,11,23,1,0,0,15,9,0,0,24,0,0
1024,14,0,0,19,0,1,0,21,55,0,0,1,32,22,0,0,55,0,0
1025,26,0,0,34,4,3,1,60,128,1,0,0,68,60,1,0,129,0,0
1026,17,0,0,42,1,1,0,37,98,2,0,3,58,39,0,0,100,0,0
1027,4,0,0,11,1,1,0,22,39,1,0,0,29,11,0,0,40,0,0
1028,69,1,1,91,6,3,1,118,290,7,0,8,177,111,0,1,297,0,0
1029,51,1,1,100,1,4,1,97,256,2,0,16,167,75,0,0,258,0,0
1030,2,1,0,1,0,0,0,2,6,0,0,1,1,4,0,0,6,0,0
1031,23,1,0,62,3,3,0,70,162,1,0,6,94,63,0,0,163,0,0
1032,1,0,0,4,0,2,0,3,10,0,0,0,6,4,0,0,10,0,0
1033,8,0,0,29,0,0,1,11,49,2,0,8,30,13,0,0,51,0,0
1034,10,1,0,14,3,4,1,27,60,2,0,3,48,11,0,0,62,0,0
1035,0,0,0,0,0,0,0,0,0,0,0,0,0,0,0,0,0,0,0
1036,2,0,0,3,0,0,0,2,7,0,0,0,4,3,0,0,7,0,0
1037,19,0,6,47,3,3,4,23,105,8,0,2,60,51,0,0,113,0,0
1038,79,0,3,106,6,3,1,113,311,1,0,11,192,109,0,0,312,0,0
1040,4,1,3,14,0,1,1,7,31,7,0,0,30,8,0,0,38,0,0
1041,2,0,0,4,1,1,0,6,14,0,0,4,6,4,0,0,14,0,0
1042,24,1,2,34,3,5,5,62,136,0,0,2,96,38,0,0,136,0,0
1043,32,4,1,86,4,2,2,99,230,1,0,16,124,91,0,0,231,0,0
1044,2,0,2,13,0,2,2,8,29,0,0,1,22,5,1,0,29,0,0
1045,7,0,0,17,0,0,2,13,39,0,0,0,26,13,0,0,39,0,0
1046,14,1,1,49,0,1,0,37,103,4,0,5,73,29,0,0,107,0,0
1047,6,0,0,10,2,2,0,4,24,0,0,0,16,8,0,0,24,0,0
1048,15,0,0,15,1,0,1,19,51,0,0,0,28,23,0,0,51,0,0
1049,2,1,0,10,0,1,0,7,21,0,0,0,10,11,0,0,21,0,0
1050,0,0,0,2,1,0,0,4,7,0,0,0,3,4,0,0,7,0,0
1051,0,0,0,0,0,0,0,0,0,0,0,0,0,0,0,0,0,0,0
1053,7,0,0,11,2,0,0,8,28,1,0,1,14,14,0,0,29,0,0
1054,69,0,6,173,10,6,4,205,473,4,0,17,319,140,1,0,477,0,0
1055,88,3,3,161,6,4,0,190,455,5,0,18,331,110,1,0,460,0,0
1056,56,1,4,137,6,4,2,148,358,8,0,7,243,116,0,0,366,0,0
1057,2,0,0,0,0,0,0,9,11,0,0,0,5,6,0,0,11,0,0
1058,2,0,0,0,0,0,0,0,2,1,0,0,3,0,0,0,3,0,0
1059,20,0,0,33,2,1,0,40,96,2,0,6,62,30,0,0,98,0,0
1060,4,1,0,3,1,0,1,3,13,0,0,0,11,2,0,0,13,0,0
1061,22,1,1,27,1,0,0,15,67,1,0,6,44,18,0,0,68,0,0
1062,52,1,2,134,7,4,0,151,351,4,0,18,242,95,0,0,355,0,0
1063,15,2,2,35,5,2,1,45,107,1,0,4,59,45,0,0,108,0,0
1064,31,3,5,73,8,3,6,81,210,4,0,6,142,66,0,0,214,0,0
1065,104,0,1,137,2,3,4,160,411,5,0,9,234,172,0,1,416,0,0
1067,17,2,0,38,1,2,0,31,91,3,0,1,47,46,0,0,94,0,0
1068,18,1,1,66,3,0,1,63,153,0,0,7,80,65,0,1,153,0,0
1069,1,0,0,0,0,0,0,0,1,0,0,0,0,1,0,0,1,0,0
1070,1,1,1,2,0,0,0,11,16,0,0,1,7,8,0,0,16,0,0
1071,31,3,2,66,6,3,1,60,172,1,0,6,106,61,0,0,173,0,0
1072,13,1,1,17,3,1,2,11,49,0,0,0,32,17,0,0,49,0,0
1074,7,0,0,0,0,0,0,7,14,0,0,0,9,5,0,0,14,0,0
1076,53,2,1,58,4,1,0,63,182,0,0,2,118,62,0,0,182,0,0
1077,14,0,0,19,1,0,1,26,61,1,1,4,35,24,0,0,63,0,0
1078,42,2,2,51,5,7,2,81,192,1,0,3,138,52,0,0,193,0,0
1079,7,1,0,18,0,2,0,21,49,0,0,2,31,16,0,0,49,0,0
1080,6,0,0,6,0,1,0,5,18,0,0,1,14,3,0,0,18,0,0
1081,1,0,0,0,0,0,0,2,3,0,0,0,2,1,0,0,3,0,0
1084,7,0,0,20,0,0,0,17,44,0,0,2,29,13,0,0,44,0,0
1085,87,7,2,164,2,2,4,259,527,5,0,20,309,203,0,0,532,0,0
1086,141,8,5,277,7,4,2,308,752,3,0,29,516,209,1,0,755,0,0
1087,30,0,1,75,1,1,4,76,188,3,0,4,114,72,1,0,191,0,0
1088,14,0,0,22,1,0,0,11,48,0,0,5,26,17,0,0,48,0,0
1089,3,0,0,4,0,0,0,6,13,0,0,0,9,4,0,0,13,0,0
1090,16,0,1,22,0,0,0,14,53,1,0,0,37,17,0,0,54,0,0
1091,25,3,2,92,6,4,1,88,221,3,0,7,154,63,0,0,224,0,0
1092,9,0,1,8,1,0,0,21,40,0,0,1,25,14,0,0,40,0,0
1093,72,0,3,171,3,3,2,171,425,6,0,13,299,118,1,0,431,0,0
1095,42,0,3,130,8,7,1,148,339,1,0,12,232,96,0,0,340,0,0
1096,115,0,2,175,7,7,1,248,555,3,0,15,297,245,1,0,558,0,0
1097,6,0,1,10,0,1,0,20,38,1,0,1,24,14,0,0,39,0,0
1098,4,2,0,14,1,0,0,12,33,2,0,2,23,10,0,0,35,0,0
1099,0,0,0,1,0,0,0,0,1,0,0,0,1,0,0,0,1,0,0
1100,13,0,1,41,2,1,1,22,81,0,0,1,69,11,0,0,81,0,0
1101,35,1,2,200,2,2,2,105,349,4,0,10,211,132,0,0,353,0,0
1102,39,2,5,76,9,3,2,115,251,4,0,7,178,70,0,0,255,0,0
1103,22,1,0,43,1,0,1,64,132,2,0,4,88,42,0,0,134,0,0
1104,45,1,4,58,4,2,1,92,207,2,0,4,148,57,0,0,209,0,0
1105,0,0,0,0,0,0,0,4,4,0,0,0,2,2,0,0,4,0,0
1106,3,0,0,7,0,0,1,13,24,0,0,0,19,5,0,0,24,0,0
1107,1,0,0,6,0,1,1,4,13,1,0,0,9,5,0,0,14,0,0
1108,0,0,0,0,0,0,0,0,0,0,0,0,0,0,0,0,0,0,0
1109,4,0,0,21,0,0,0,6,31,0,0,1,26,4,0,0,31,0,0
1110,36,1,0,107,3,1,4,124,276,2,0,3,175,100,0,0,278,0,0
1111,8,0,0,13,0,0,0,20,41,3,0,1,28,15,0,0,44,0,0
1112,75,3,1,158,2,3,3,187,432,2,0,12,254,168,0,0,434,0,0
1113,29,2,1,36,0,5,2,45,120,1,0,0,63,58,0,0,121,0,0
1114,11,1,0,12,1,1,2,12,40,0,0,1,31,8,0,0,40,0,0
1115,11,0,0,24,0,1,0,21,57,0,0,4,33,20,0,0,57,0,0
1116,39,5,4,66,6,4,1,53,178,4,0,3,113,66,0,0,182,0,0
1117,75,2,1,88,7,4,2,110,289,5,0,7,190,97,0,0,294,0,0
1118,10,0,2,30,1,0,1,18,62,3,0,0,44,21,0,0,65,0,0
1119,16,1,9,58,7,2,7,43,143,13,0,5,100,51,0,0,156,0,0
1120,52,2,1,68,1,4,0,85,213,0,0,4,132,75,2,0,213,0,0
1121,0,0,0,2,0,0,0,2,4,0,0,0,2,2,0,0,4,0,0
1122,3,1,1,6,0,0,0,4,15,1,0,0,7,9,0,0,16,0,0
1123,21,1,0,40,0,1,1,57,121,1,0,1,81,40,0,0,122,0,0
1126,8,1,0,25,3,3,3,24,67,2,0,2,34,31,1,1,69,0,0
1127,5,0,1,8,0,0,0,12,26,1,0,1,14,12,0,0,27,0,0
1128,105,2,1,160,3,6,3,209,489,5,0,11,296,183,4,0,494,0,0
1130,8,1,1,26,3,0,0,25,64,0,0,1,43,20,0,0,64,0,0
1131,16,0,0,30,0,1,0,9,56,0,0,2,33,21,0,0,56,0,0
1133,2,0,0,3,0,0,1,3,9,0,0,0,7,2,0,0,9,0,0
1134,113,2,3,168,1,1,4,161,453,3,0,17,299,139,1,0,456,0,0
1135,41,3,5,71,5,8,2,80,215,4,0,3,129,87,0,0,219,0,0
1136,18,0,1,9,2,2,1,19,52,3,0,1,26,28,0,0,55,0,0
1137,13,1,0,21,3,1,0,22,61,1,0,0,34,28,0,0,62,0,0
1138,11,0,0,23,1,1,1,13,50,0,0,0,34,16,0,0,50,0,0
1139,11,0,0,32,2,1,0,20,66,0,0,0,39,27,0,0,66,0,0
1140,4,1,0,2,0,0,0,2,9,0,0,0,7,2,0,0,9,0,0
1142,12,0,0,28,1,0,0,46,87,0,0,3,57,27,0,0,87,0,0
1144,46,1,0,120,5,6,1,113,292,3,0,6,186,103,0,0,295,0,0
1145,102,2,4,204,7,2,5,216,542,2,0,7,397,139,0,1,544,0,0
1146,67,1,0,156,2,5,0,153,384,2,0,10,281,94,1,0,386,0,0
1147,7,0,0,15,2,0,0,22,46,2,0,3,21,24,0,0,48,0,0
1148,8,0,1,14,1,3,0,5,32,0,0,0,22,10,0,0,32,0,0
1149,85,2,3,128,2,2,2,179,403,2,0,14,249,142,0,0,405,0,0
1151,125,1,2,155,2,4,1,178,468,4,0,9,302,161,0,0,472,0,0
1152,14,0,0,11,0,0,0,18,43,2,0,0,26,19,0,0,45,0,0
1155,0,0,0,0,0,0,0,0,0,0,0,0,0,0,0,0,0,0,0
1156,0,0,0,0,0,0,0,0,0,0,0,0,0,0,0,0,0,0,0
1166,51,0,0,80,2,2,0,124,259,0,0,7,169,83,0,0,259,0,0
1167,15,0,3,17,1,1,0,20,57,1,0,1,22,35,0,0,58,0,0
1168,28,1,1,72,5,2,1,70,180,3,0,8,107,67,1,0,183,0,0
1169,33,0,0,42,2,0,0,89,166,3,0,3,121,44,1,0,169,0,0
1170,45,0,2,58,1,3,0,72,181,2,0,7,115,61,0,0,183,0,0
1171,97,1,6,173,13,1,0,248,539,7,0,8,384,152,2,0,546,0,0
1172,54,2,2,96,5,4,3,121,287,2,0,2,206,81,0,0,289,0,0
1173,134,1,1,140,4,4,1,181,466,3,0,15,284,170,0,0,469,0,0
1174,30,1,1,41,6,2,2,67,150,2,0,2,79,71,0,0,152,0,0
1175,58,1,2,135,2,4,2,65,269,2,0,6,197,67,1,0,271,0,0
1176,16,0,0,10,1,0,0,15,42,1,0,0,22,21,0,0,43,0,0
1177,36,1,2,41,4,1,0,41,126,1,0,1,78,48,0,0,127,0,0
1178,103,3,3,169,3,3,3,261,548,6,0,12,368,173,1,0,554,0,0
1179,45,1,1,57,4,3,1,90,202,1,0,4,130,68,0,1,203,0,0
1180,11,1,0,13,1,0,1,12,39,1,0,2,26,12,0,0,40,0,0
1181,65,0,1,107,3,2,1,135,314,3,0,13,193,111,0,0,317,0,0
1182,8,1,1,8,3,2,0,9,32,1,0,0,24,9,0,0,33,0,0
1183,19,1,0,28,1,2,0,29,80,1,0,0,48,33,0,0,81,0,0
1184,35,1,2,76,4,6,0,77,201,3,0,4,137,63,0,0,204,0,0
1185,50,2,2,78,2,5,3,124,266,3,0,6,196,67,0,0,269,0,0
1186,29,2,0,33,2,3,2,23,94,3,0,3,63,31,0,0,97,0,0
1188,0,0,0,0,0,0,0,2,2,0,0,0,2,0,0,0,2,0,0
1189,0,0,0,3,0,0,0,2,5,0,0,0,4,1,0,0,5,0,0
1191,0,0,0,0,0,0,0,0,0,0,0,0,0,0,0,0,0,0,0
1192,7,0,0,4,0,0,0,8,19,0,0,2,11,6,0,0,19,0,0
1193,2,0,0,8,0,0,0,9,19,0,0,0,9,10,0,0,19,0,0
1194,8,0,0,12,1,0,1,14,36,0,0,0,20,16,0,0,36,0,0
1195,2,0,0,3,0,0,0,3,8,0,0,0,3,5,0,0,8,0,0
1196,4,0,0,8,1,1,0,10,24,0,0,1,13,10,0,0,24,0,0
1199,2,0,0,7,0,0,0,4,13,0,0,2,6,5,0,0,13,0,0
1200,3,0,0,4,0,0,0,2,9,0,0,0,3,6,0,0,9,0,0
1203,2,0,0,0,0,0,0,2,4,0,0,0,3,1,0,0,4,0,0
1204,0,0,0,4,0,0,0,1,5,0,0,2,3,0,0,0,5,0,0
1205,3,1,0,5,0,0,0,5,14,0,0,0,10,4,0,0,14,0,0
1206,58,6,0,117,0,2,1,90,274,4,0,14,186,78,0,0,278,0,0
1207,3,0,0,4,1,0,0,6,14,1,0,0,10,5,0,0,15,0,0
1209,0,0,0,0,0,0,0,2,2,0,0,0,2,0,0,0,2,0,0
1210,2,0,0,12,0,0,0,7,21,0,0,0,13,8,0,0,21,0,0
1211,0,0,0,0,0,0,0,0,0,0,0,0,0,0,0,0,0,0,0
1212,3,0,0,7,0,0,1,8,19,0,0,0,15,4,0,0,19,0,0
1213,0,0,0,0,0,0,0,0,0,0,0,0,0,0,0,0,0,0,0
1214,42,1,0,65,0,2,0,98,208,1,0,2,141,66,0,0,209,0,0
1215,0,0,0,0,0,0,0,0,0,0,0,0,0,0,0,0,0,0,0
1216,2,0,0,2,2,2,0,7,15,1,0,0,10,6,0,0,16,0,0
1217,10,0,0,8,0,0,0,12,30,0,0,0,23,7,0,0,30,0,0
1218,1,0,0,0,0,0,0,0,1,0,0,0,1,0,0,0,1,0,0
1219,0,0,0,0,0,0,0,0,0,0,0,0,0,0,0,0,0,0,0
1222,0,0,0,6,0,0,0,8,14,0,0,0,8,6,0,0,14,0,0
1223,1,0,1,7,0,0,0,3,12,0,0,0,7,5,0,0,12,0,0
1224,5,0,0,6,0,0,0,4,15,0,0,2,9,4,0,0,15,0,0
Totals,39071,1112,1186,76361,2629,2023,1242,74421,198045,2241,26,6505,121631,71850,245,81,200312,0,0
