Precinct,JAMES TALARICO,JASMINE CROCKETT,AHMAD R. HASSAN,Cast Votes,Undervotes,Overvotes,Mail Ballots,Early Voting,Election Day,EV Provisional,ED Provisional,Total Ballots Cast,Registered Voters,Turnout %
1,348,143,1,492,0,0,7,268,212,0,5,492,0,0
2,677,296,5,978,2,0,7,513,460,0,0,980,0,0
3,763,145,5,913,6,0,19,498,400,2,0,919,0,0
4,531,79,1,611,3,0,12,327,275,0,0,614,0,0
5,493,72,3,568,0,0,8,295,265,0,0,568,0,0
6,195,396,3,594,1,0,12,319,264,0,0,595,0,0
7,27,153,0,180,4,0,12,133,39,0,0,184,0,0
8,203,93,3,299,0,0,8,205,86,0,0,299,0,0
9,305,296,2,603,3,0,6,335,264,1,0,606,0,0
10,207,120,6,333,4,0,12,190,132,3,0,337,0,0
11,213,136,11,360,4,0,7,209,146,2,0,364,0,0
12,32,34,1,67,1,0,3,35,30,0,0,68,0,0
13,137,112,2,251,2,0,16,161,76,0,0,253,0,0
14,398,88,5,491,1,0,16,238,236,1,1,492,0,0
15,567,61,1,629,3,0,42,283,306,1,0,632,0,0
16,302,305,4,611,0,0,10,351,249,1,0,611,0,0
17,145,83,3,231,1,0,6,122,104,0,0,232,0,0
18,266,90,3,359,0,0,19,195,145,0,0,359,0,0
19,260,133,6,399,1,0,1,220,179,0,0,400,0,0
20,378,274,5,657,4,0,7,325,328,0,1,661,0,0
21,206,225,1,432,0,0,7,248,175,2,0,432,0,0
22,97,293,2,392,0,0,18,232,142,0,0,392,0,0
23,23,22,1,46,0,0,2,24,20,0,0,46,0,0
24,142,249,0,391,1,0,5,205,182,0,0,392,0,0
25,25,175,2,202,1,0,5,101,97,0,0,203,0,0
26,338,172,4,514,1,0,4,290,221,0,0,515,0,0
27,565,248,8,821,6,0,26,460,341,0,0,827,0,0
28,222,293,5,520,1,0,19,317,184,0,1,521,0,0
29,171,70,9,250,14,0,8,161,95,0,0,264,0,0
30,426,276,3,705,0,0,3,407,295,0,0,705,0,0
31,55,406,5,466,1,0,18,274,173,0,2,467,0,0
32,368,266,3,637,1,0,12,332,292,2,0,638,0,0
33,699,202,2,903,3,0,15,551,340,0,0,906,0,0
34,658,184,1,843,3,0,23,516,306,0,1,846,0,0
35,82,16,0,98,0,0,1,53,44,0,0,98,0,0
36,203,265,10,478,5,0,13,274,195,1,0,483,0,0
37,654,156,2,812,2,0,9,525,280,0,0,814,0,0
38,792,176,4,972,3,0,23,620,332,0,0,975,0,0
39,817,185,3,1005,2,0,29,546,429,3,0,1007,0,0
40,144,13,0,157,0,0,9,87,61,0,0,157,0,0
41,89,220,3,312,0,0,3,182,127,0,0,312,0,0
42,13,163,4,180,0,0,12,108,60,0,0,180,0,0
43,192,114,4,310,1,0,11,185,115,0,0,311,0,0
44,67,39,1,107,1,0,2,47,59,0,0,108,0,0
45,78,217,2,297,1,0,6,179,113,0,0,298,0,0
46,411,224,7,642,2,0,12,331,301,0,0,644,0,0
47,68,171,2,241,3,0,21,129,93,1,0,244,0,0
48,47,135,1,183,3,0,8,112,65,1,0,186,0,0
49,257,356,8,621,1,0,8,343,271,0,0,622,0,0
50,228,357,14,599,1,0,13,335,251,1,0,600,0,0
51,74,39,0,113,0,0,6,64,42,0,1,113,0,0
52,435,140,2,577,0,0,14,320,242,1,0,577,0,0
53,390,224,2,616,4,0,5,311,304,0,0,620,0,0
54,330,93,3,426,0,0,2,270,154,0,0,426,0,0
55,438,209,2,649,2,0,3,342,305,0,1,651,0,0
56,168,64,0,232,2,0,6,131,96,1,0,234,0,0
57,873,146,3,1022,4,0,26,615,384,1,0,1026,0,0
58,463,121,2,586,0,0,5,369,211,1,0,586,0,0
59,605,133,1,739,3,0,28,438,274,2,0,742,0,0
60,692,182,2,876,3,0,25,469,381,4,0,879,0,0
61,135,90,8,233,1,0,10,102,122,0,0,234,0,0
62,165,110,8,283,3,0,3,103,180,0,0,286,0,0
63,55,55,0,110,0,0,6,62,42,0,0,110,0,0
64,184,108,8,300,8,0,7,164,136,0,1,308,0,0
65,174,111,5,290,3,2,8,149,138,0,0,295,0,0
66,61,61,1,123,2,0,7,58,60,0,0,125,0,0
67,201,163,5,369,5,0,9,176,188,1,0,374,0,0
68,92,790,9,891,5,0,37,573,286,0,0,896,0,0
69,100,63,5,168,2,0,7,98,65,0,0,170,0,0
70,620,168,6,794,5,0,26,429,343,1,0,799,0,0
71,542,180,2,724,3,0,3,417,307,0,0,727,0,0
72,251,115,6,372,3,0,14,225,136,0,0,375,0,0
73,354,132,3,489,2,0,14,280,197,0,0,491,0,0
74,283,109,1,393,0,0,9,257,127,0,0,393,0,0
75,494,102,2,598,0,0,5,356,237,0,0,598,0,0
76,135,128,3,266,0,0,11,146,109,0,0,266,0,0
77,0,0,0,0,0,0,0,0,0,0,0,0,0,0
78,176,85,2,263,4,0,15,121,130,0,1,267,0,0
79,204,135,4,343,5,1,18,135,195,1,0,349,0,0
80,143,360,4,507,3,1,36,306,167,1,1,511,0,0
81,111,57,2,170,4,0,10,63,101,0,0,174,0,0
82,173,155,17,345,3,0,7,184,157,0,0,348,0,0
83,154,345,4,503,3,0,12,309,185,0,0,506,0,0
84,68,37,3,108,0,0,7,51,50,0,0,108,0,0
85,61,411,3,475,1,0,15,288,173,0,0,476,0,0
86,708,241,3,952,6,0,14,567,374,2,1,958,0,0
87,432,49,3,484,1,0,34,211,239,1,0,485,0,0
88,124,75,2,201,2,0,10,90,103,0,0,203,0,0
89,235,35,2,272,2,0,9,124,140,0,1,274,0,0
90,214,51,2,267,1,0,7,151,108,1,1,268,0,0
91,211,123,9,343,0,0,4,193,146,0,0,343,0,0
92,276,90,2,368,0,0,13,219,135,0,1,368,0,0
93,250,135,11,396,14,0,19,243,147,1,0,410,0,0
94,54,24,3,81,0,0,5,42,34,0,0,81,0,0
95,357,212,8,577,1,0,6,336,235,0,1,578,0,0
96,110,499,6,615,1,0,13,393,209,1,0,616,0,0
97,103,147,3,253,1,0,6,165,83,0,0,254,0,0
98,109,102,2,213,1,0,7,122,85,0,0,214,0,0
99,90,102,4,196,2,1,8,97,94,0,0,199,0,0
100,73,56,1,130,0,0,9,69,52,0,0,130,0,0
101,20,25,0,45,0,0,3,25,17,0,0,45,0,0
102,95,115,4,214,5,0,7,132,79,1,0,219,0,0
103,94,221,2,317,1,0,8,161,149,0,0,318,0,0
104,40,433,1,474,1,0,34,304,134,3,0,475,0,0
105,174,100,2,276,5,0,6,121,154,0,0,281,0,0
106,19,9,2,30,0,0,2,15,13,0,0,30,0,0
107,100,141,4,245,1,0,14,120,112,0,0,246,0,0
108,92,198,5,295,0,0,4,192,99,0,0,295,0,0
109,54,505,2,561,2,0,32,360,170,1,0,563,0,0
110,163,402,4,569,3,0,11,355,206,0,0,572,0,0
111,151,221,2,374,0,0,12,199,162,1,0,374,0,0
112,189,183,11,383,0,0,9,193,181,0,0,383,0,0
113,155,246,0,401,2,0,10,225,168,0,0,403,0,0
114,221,147,6,374,1,0,9,228,136,2,0,375,0,0
115,55,169,5,229,1,0,17,116,97,0,0,230,0,0
116,334,42,5,381,2,0,2,254,126,0,1,383,0,0
117,141,87,1,229,2,0,4,129,98,0,0,231,0,0
118,242,297,3,542,0,0,17,320,204,1,0,542,0,0
119,226,356,3,585,1,0,5,350,230,1,0,586,0,0
120,206,182,3,391,0,0,3,207,180,1,0,391,0,0
121,88,155,1,244,1,0,5,145,94,1,0,245,0,0
122,71,269,4,344,2,0,31,201,114,0,0,346,0,0
123,338,140,2,480,2,0,10,246,226,0,0,482,0,0
124,149,84,2,235,0,0,2,133,100,0,0,235,0,0
125,134,188,4,326,2,0,18,188,122,0,0,328,0,0
126,157,147,4,308,1,0,12,161,135,1,0,309,0,0
127,136,120,6,262,1,0,11,158,93,0,1,263,0,0
128,390,102,5,497,3,0,13,249,237,1,0,500,0,0
129,220,119,7,346,0,0,14,197,135,0,0,346,0,0
130,195,57,0,252,0,0,11,159,81,1,0,252,0,0
131,58,130,0,188,1,0,7,130,51,1,0,189,0,0
132,45,516,1,562,1,1,39,334,188,3,0,564,0,0
133,502,65,4,571,2,0,20,311,240,1,1,573,0,0
134,197,250,5,452,0,1,9,249,194,1,0,453,0,0
135,396,136,3,535,4,0,20,312,200,4,3,539,0,0
136,129,555,3,687,3,0,16,465,209,0,0,690,0,0
137,137,161,6,304,1,0,3,147,155,0,0,305,0,0
138,39,240,1,280,2,0,16,164,102,0,0,282,0,0
139,706,220,1,927,8,0,45,512,373,5,0,935,0,0
140,311,660,3,974,3,0,45,565,367,0,0,977,0,0
141,8,7,1,16,0,0,0,8,8,0,0,16,0,0
142,69,27,3,99,1,0,10,58,32,0,0,100,0,0
143,260,309,5,574,2,0,17,388,171,0,0,576,0,0
144,23,170,2,195,2,0,7,142,48,0,0,197,0,0
145,32,243,6,281,0,0,18,171,91,0,1,281,0,0
146,391,165,2,558,3,0,17,287,255,2,0,561,0,0
147,102,581,4,687,4,0,22,508,156,5,0,691,0,0
148,647,90,2,739,3,1,34,371,335,2,1,743,0,0
149,320,245,7,572,1,0,13,307,253,0,0,573,0,0
150,32,256,4,292,1,0,15,191,87,0,0,293,0,0
151,10,97,1,108,1,0,3,76,30,0,0,109,0,0
152,155,116,3,274,4,1,10,151,118,0,0,279,0,0
153,148,106,2,256,2,0,8,135,115,0,0,258,0,0
154,229,107,8,344,6,2,13,189,148,0,2,352,0,0
155,385,180,7,572,2,0,25,298,251,0,0,574,0,0
156,1,0,0,1,0,0,0,0,1,0,0,1,0,0
157,85,394,1,480,1,0,17,323,138,3,0,481,0,0
158,45,527,6,578,5,0,36,399,146,2,0,583,0,0
159,132,184,5,321,1,0,1,183,138,0,0,322,0,0
160,25,127,2,154,1,1,8,105,43,0,0,156,0,0
161,70,252,3,325,2,0,13,169,145,0,0,327,0,0
162,82,44,4,130,0,0,7,49,74,0,0,130,0,0
163,181,92,7,280,7,0,9,106,171,1,0,287,0,0
164,63,272,3,338,1,0,17,122,200,0,0,339,0,0
165,240,75,0,315,1,0,17,168,127,2,2,316,0,0
166,277,91,0,368,1,0,5,186,178,0,0,369,0,0
167,1,6,0,7,0,0,0,4,3,0,0,7,0,0
168,14,78,0,92,0,0,5,63,24,0,0,92,0,0
169,70,467,7,544,0,0,25,383,135,1,0,544,0,0
170,99,75,1,175,1,1,10,105,61,1,0,177,0,0
171,36,173,3,212,0,0,12,118,82,0,0,212,0,0
172,63,27,0,90,2,0,2,50,40,0,0,92,0,0
173,162,92,2,256,0,0,6,149,101,0,0,256,0,0
174,421,121,5,547,2,0,29,313,205,1,1,549,0,0
175,463,102,3,568,1,0,19,298,247,4,1,569,0,0
176,266,65,1,332,2,0,5,154,175,0,0,334,0,0
177,249,115,0,364,1,0,4,201,158,1,1,365,0,0
178,245,88,1,334,1,0,16,204,114,0,1,335,0,0
179,213,108,3,324,2,0,0,194,132,0,0,326,0,0
180,75,376,7,458,2,0,21,270,168,1,0,460,0,0
181,169,108,7,284,2,0,14,152,118,2,0,286,0,0
182,51,96,1,148,0,0,2,80,66,0,0,148,0,0
183,415,29,2,446,5,0,17,216,217,1,0,451,0,0
184,45,74,4,123,2,0,6,73,43,1,2,125,0,0
185,133,170,6,309,1,1,21,166,121,3,0,311,0,0
186,38,70,2,110,0,1,3,57,49,1,1,111,0,0
187,30,6,0,36,0,0,0,21,15,0,0,36,0,0
188,115,57,2,174,2,0,6,96,74,0,0,176,0,0
189,307,53,0,360,0,0,1,197,162,0,0,360,0,0
190,108,54,3,165,2,1,3,97,68,0,0,168,0,0
191,81,39,4,124,5,0,2,71,56,0,0,129,0,0
192,95,309,1,405,3,0,16,267,125,0,0,408,0,0
193,70,191,0,261,2,1,4,151,109,0,0,264,0,0
194,621,319,4,944,4,0,10,393,545,0,0,948,0,0
195,151,320,2,473,1,0,13,274,185,2,0,474,0,0
196,39,52,1,92,0,0,0,58,34,0,0,92,0,0
197,60,446,6,512,2,0,33,346,134,1,0,514,0,0
198,42,124,1,167,1,0,3,108,57,0,0,168,0,0
199,191,123,4,318,0,0,25,176,117,0,0,318,0,0
200,349,89,3,441,2,0,17,296,127,3,0,443,0,0
201,9,107,2,118,0,0,5,74,39,0,0,118,0,0
202,58,192,4,254,2,0,14,141,101,0,0,256,0,0
203,61,54,2,117,0,0,11,66,37,2,1,117,0,0
204,647,202,1,850,1,0,25,531,292,3,0,851,0,0
205,32,353,5,390,3,0,44,255,94,0,0,393,0,0
206,659,219,6,884,0,0,27,432,422,1,2,884,0,0
207,262,87,5,354,2,0,8,206,142,0,0,356,0,0
208,120,145,4,269,9,0,10,132,136,0,0,278,0,0
209,93,432,4,529,1,0,21,298,211,0,0,530,0,0
210,328,639,4,971,2,0,18,527,428,0,0,973,0,0
211,208,140,4,352,6,1,15,175,169,0,0,359,0,0
212,68,77,2,147,3,0,8,75,67,0,0,150,0,0
213,256,24,9,289,1,0,11,169,110,0,0,290,0,0
214,293,63,4,360,3,0,16,214,133,0,0,363,0,0
215,374,89,1,464,1,0,13,252,199,1,0,465,0,0
216,76,343,5,424,6,1,29,273,129,0,0,431,0,0
217,379,57,1,437,1,0,22,268,147,1,0,438,0,0
218,465,185,7,657,1,0,33,373,252,0,0,658,0,0
219,137,622,4,763,4,0,32,460,272,3,0,767,0,0
220,102,51,0,153,0,0,1,89,63,0,0,153,0,0
221,259,139,13,411,9,0,20,235,164,1,0,420,0,0
222,705,83,2,790,1,0,63,379,345,4,0,791,0,0
223,324,343,6,673,6,0,23,350,304,2,0,679,0,0
224,414,176,3,593,1,0,25,271,298,0,0,594,0,0
225,61,110,1,172,0,0,1,91,80,0,0,172,0,0
226,170,120,2,292,5,0,8,177,112,0,0,297,0,0
227,210,22,0,232,1,0,6,162,65,0,0,233,0,0
228,99,425,0,524,5,0,12,364,151,2,0,529,0,0
229,54,27,4,85,0,0,1,25,59,0,0,85,0,0
230,23,149,2,174,2,0,10,98,68,0,0,176,0,0
231,168,127,7,302,2,1,13,151,140,1,0,305,0,0
232,314,75,2,391,0,0,23,183,185,0,0,391,0,0
233,398,263,10,671,1,0,30,354,286,2,0,672,0,0
234,434,137,4,575,4,0,42,331,204,2,0,579,0,0
235,129,870,11,1010,5,0,36,640,337,0,2,1015,0,0
236,51,257,4,312,4,0,13,177,125,1,0,316,0,0
237,40,311,2,353,7,0,30,214,115,1,0,360,0,0
238,46,274,2,322,5,0,24,176,127,0,0,327,0,0
239,41,284,3,328,4,1,39,179,115,0,0,333,0,0
240,43,479,5,527,3,0,40,310,180,0,0,530,0,0
241,156,93,5,254,1,0,10,133,112,0,0,255,0,0
242,84,71,4,159,0,0,0,77,82,0,0,159,0,0
243,10,151,1,162,2,0,8,123,32,1,0,164,0,0
244,197,257,10,464,6,0,10,250,210,0,0,470,0,0
245,149,180,2,331,0,0,8,184,138,0,1,331,0,0
246,260,376,10,646,1,0,10,316,317,3,1,647,0,0
247,25,206,2,233,0,0,10,119,103,1,0,233,0,0
248,84,99,3,186,1,0,5,96,86,0,0,187,0,0
249,143,113,6,262,3,0,7,175,83,0,0,265,0,0
250,60,235,3,298,2,0,22,172,106,0,0,300,0,0
251,72,482,11,565,2,2,33,246,288,1,1,569,0,0
252,44,350,2,396,6,1,42,246,115,0,0,403,0,0
253,55,301,7,363,2,1,33,199,134,0,0,366,0,0
254,77,61,3,141,0,0,6,72,63,0,0,141,0,0
255,473,176,5,654,1,0,29,288,333,5,0,655,0,0
256,311,160,12,483,0,0,10,272,199,1,1,483,0,0
257,164,207,11,382,5,0,14,237,136,0,0,387,0,0
258,326,47,2,375,2,0,9,208,160,0,0,377,0,0
259,62,512,2,576,12,1,53,253,280,3,0,589,0,0
260,84,109,6,199,0,0,0,102,97,0,0,199,0,0
261,91,44,5,140,0,0,7,68,63,2,0,140,0,0
262,398,158,3,559,3,0,14,324,224,0,0,562,0,0
263,237,286,8,531,2,0,22,261,250,0,0,533,0,0
264,287,114,3,404,2,0,8,210,188,0,0,406,0,0
265,306,77,2,385,1,0,23,230,133,0,0,386,0,0
266,188,117,2,307,3,0,13,150,147,0,0,310,0,0
267,110,48,3,161,1,0,3,77,82,0,0,162,0,0
268,353,86,1,440,2,0,10,244,188,0,0,442,0,0
269,201,63,3,267,3,0,19,148,102,1,0,270,0,0
270,417,237,6,660,0,0,18,362,276,4,0,660,0,0
271,133,870,8,1011,10,0,41,688,289,1,2,1021,0,0
272,143,194,4,341,1,0,14,183,143,2,0,342,0,0
273,163,11,2,176,2,0,10,104,64,0,0,178,0,0
274,193,94,2,289,2,0,11,184,96,0,0,291,0,0
275,80,161,3,244,1,1,9,146,89,2,0,246,0,0
276,33,415,4,452,7,0,59,252,147,1,0,459,0,0
277,125,68,2,195,0,0,7,98,90,0,0,195,0,0
278,218,118,7,343,7,0,9,185,156,0,0,350,0,0
279,84,45,2,131,0,0,5,77,49,0,0,131,0,0
280,99,55,2,156,1,0,6,83,68,0,0,157,0,0
281,473,117,2,592,0,0,31,323,236,2,0,592,0,0
282,182,131,3,316,2,0,3,126,189,0,0,318,0,0
283,108,330,5,443,0,0,3,252,188,0,0,443,0,0
284,209,235,6,450,2,0,15,299,138,0,0,452,0,0
285,128,477,11,616,10,0,47,365,210,4,0,626,0,0
286,187,737,9,933,6,1,55,620,263,2,0,940,0,0
287,354,108,1,463,4,0,21,230,214,2,0,467,0,0
288,41,394,6,441,3,0,38,280,126,0,0,444,0,0
289,127,69,5,201,1,0,9,109,84,0,0,202,0,0
290,69,28,0,97,0,0,1,50,46,0,0,97,0,0
291,165,109,2,276,0,0,6,156,114,0,0,276,0,0
292,57,173,6,236,1,0,9,162,66,0,0,237,0,0
293,230,133,1,364,1,0,11,207,145,2,0,365,0,0
294,28,355,2,385,4,0,30,245,111,3,0,389,0,0
295,30,183,0,213,1,0,3,135,76,0,0,214,0,0
296,138,84,1,223,0,0,11,111,101,0,0,223,0,0
297,116,77,4,197,1,0,2,96,100,0,0,198,0,0
298,198,124,3,325,2,0,10,193,123,1,0,327,0,0
299,127,93,2,222,0,0,7,141,74,0,0,222,0,0
300,250,70,3,323,0,0,11,190,121,1,0,323,0,0
301,151,76,8,235,3,0,8,135,95,0,0,238,0,0
302,208,114,4,326,6,0,10,165,155,2,0,332,0,0
303,258,74,4,336,1,0,15,190,132,0,0,337,0,0
304,325,71,5,401,1,0,11,250,140,1,0,402,0,0
305,216,339,6,561,2,0,10,354,199,0,0,563,0,0
306,249,35,0,284,0,0,13,183,86,1,1,284,0,0
307,309,98,1,408,1,0,8,231,169,1,0,409,0,0
308,120,145,6,271,0,0,9,163,99,0,0,271,0,0
309,368,59,2,429,3,0,10,269,153,0,0,432,0,0
310,221,85,3,309,2,0,9,169,133,0,0,311,0,0
311,149,88,3,240,4,0,9,133,101,1,0,244,0,0
312,222,139,3,364,3,0,20,191,154,1,1,367,0,0
313,1,0,0,1,0,0,0,0,1,0,0,1,0,0
314,123,184,6,313,0,0,5,188,119,1,0,313,0,0
315,281,95,1,377,2,0,26,194,159,0,0,379,0,0
316,266,57,2,325,4,0,18,179,130,2,0,329,0,0
317,50,93,0,143,2,0,6,62,77,0,0,145,0,0
318,151,848,5,1004,5,0,55,643,311,0,0,1009,0,0
319,77,451,5,533,5,0,31,373,134,0,0,538,0,0
320,87,47,1,135,1,0,2,73,61,0,0,136,0,0
321,141,84,8,233,2,0,8,129,98,0,0,235,0,0
322,66,109,0,175,0,0,5,109,61,0,0,175,0,0
323,190,147,7,344,0,0,5,194,145,0,0,344,0,0
324,393,115,2,510,2,0,14,319,178,1,0,512,0,0
325,131,194,2,327,1,0,11,192,123,2,0,328,0,0
326,72,37,1,110,1,1,3,45,64,0,0,112,0,0
327,96,338,0,434,0,0,19,288,125,2,0,434,0,0
328,96,87,1,184,1,0,6,97,82,0,0,185,0,0
329,128,122,3,253,1,0,5,144,104,0,1,254,0,0
330,331,211,3,545,2,0,10,316,221,0,0,547,0,0
331,184,389,7,580,0,0,2,342,234,2,0,580,0,0
332,207,514,11,732,5,0,16,473,247,0,1,737,0,0
333,284,119,7,410,2,0,18,221,173,0,0,412,0,0
334,6,94,0,100,0,0,5,63,32,0,0,100,0,0
335,93,73,4,170,2,0,3,83,85,0,1,172,0,0
336,107,440,2,549,2,0,5,367,179,0,0,551,0,0
337,53,186,2,241,0,0,9,154,78,0,0,241,0,0
338,101,188,4,293,5,1,9,162,128,0,0,299,0,0
339,51,20,1,72,1,0,2,36,35,0,0,73,0,0
340,236,124,5,365,6,0,27,195,148,1,0,371,0,0
341,91,71,4,166,1,0,6,84,76,1,0,167,0,0
342,38,103,2,143,0,0,2,70,71,0,0,143,0,0
343,199,124,6,329,4,1,12,181,140,1,0,334,0,0
344,41,158,4,203,1,0,15,115,74,0,0,204,0,0
345,93,120,3,216,1,0,0,115,102,0,0,217,0,0
347,254,134,5,393,0,0,30,225,136,2,0,393,0,0
348,138,80,0,218,1,0,12,132,75,0,0,219,0,0
349,88,87,1,176,2,0,16,91,71,0,0,178,0,0
350,421,219,1,641,1,0,22,326,288,5,1,642,0,0
351,213,129,4,346,0,0,11,217,118,0,0,346,0,0
352,159,118,7,284,3,0,4,170,112,1,0,287,0,0
353,204,598,10,812,6,0,39,502,277,0,0,818,0,0
354,149,495,6,650,0,0,42,411,196,1,0,650,0,0
355,85,522,4,611,5,0,23,386,205,2,0,616,0,0
356,295,210,4,509,1,0,15,288,207,0,0,510,0,0
357,266,131,2,399,0,0,13,251,135,0,0,399,0,0
358,28,97,6,131,2,0,6,76,51,0,0,133,0,0
359,53,134,3,190,0,0,3,106,81,0,0,190,0,0
360,561,148,7,716,5,1,42,373,305,2,0,722,0,0
361,268,60,1,329,2,0,1,24,306,0,0,331,0,0
362,319,159,6,484,3,0,15,300,172,0,0,487,0,0
363,157,433,3,593,0,0,16,347,229,0,1,593,0,0
364,175,116,2,293,1,0,6,169,118,1,0,294,0,0
365,114,424,1,539,1,0,35,368,136,1,0,540,0,0
366,219,429,14,662,3,0,14,363,287,1,0,665,0,0
367,228,209,0,437,1,0,3,245,190,0,0,438,0,0
368,37,132,2,171,2,0,6,116,51,0,0,173,0,0
369,62,84,0,146,0,0,0,61,85,0,0,146,0,0
370,156,108,0,264,0,0,2,180,82,0,0,264,0,0
371,10,115,1,126,0,0,11,80,35,0,0,126,0,0
372,50,233,5,288,2,0,9,196,85,0,0,290,0,0
373,5,18,0,23,0,0,2,13,7,1,0,23,0,0
374,54,36,1,91,2,0,4,44,45,0,0,93,0,0
375,148,138,7,293,2,0,10,163,122,0,0,295,0,0
376,74,123,2,199,0,0,6,109,84,0,0,199,0,0
377,39,17,0,56,0,0,1,31,24,0,0,56,0,0
378,143,100,1,244,2,0,10,143,93,0,0,246,0,0
379,89,405,7,501,2,0,33,285,183,1,1,503,0,0
380,305,722,2,1029,1,0,19,616,393,2,0,1030,0,0
381,164,295,2,461,2,0,12,314,137,0,0,463,0,0
382,56,120,0,176,0,0,4,111,58,2,1,176,0,0
383,126,166,7,299,2,0,13,138,150,0,0,301,0,0
384,105,470,4,579,1,0,20,402,157,1,0,580,0,0
385,206,30,1,237,3,0,4,149,84,3,0,240,0,0
386,113,149,2,264,0,0,11,175,78,0,0,264,0,0
387,155,231,7,393,1,0,13,237,143,0,1,394,0,0
388,111,459,3,573,2,2,14,364,198,1,0,577,0,0
389,208,289,1,498,2,0,1,141,357,0,1,500,0,0
390,209,394,2,605,0,0,14,348,242,1,0,605,0,0
391,177,93,2,272,1,0,15,162,96,0,0,273,0,0
392,28,265,3,296,3,0,16,198,84,1,0,299,0,0
393,72,97,1,170,1,0,3,104,64,0,0,171,0,0
394,61,30,1,92,2,0,0,51,43,0,0,94,0,0
395,227,65,0,292,0,0,5,150,137,0,0,292,0,0
396,79,619,1,699,6,1,60,405,241,0,0,706,0,0
397,43,49,1,93,1,0,2,46,46,0,0,94,0,0
398,265,346,7,618,2,0,15,348,257,0,0,620,0,0
399,112,327,1,440,4,0,19,259,164,0,2,444,0,0
401,56,321,5,382,2,0,23,223,137,1,0,384,0,0
402,103,737,7,847,1,0,40,572,234,2,0,848,0,0
403,330,100,3,433,2,0,18,250,165,0,2,435,0,0
404,166,88,7,261,1,0,17,137,107,0,1,262,0,0
405,245,164,3,412,1,0,19,236,158,0,0,413,0,0
406,12,97,0,109,1,0,8,67,35,0,0,110,0,0
407,443,190,7,640,3,0,19,341,283,0,0,643,0,0
408,79,46,5,130,2,0,7,56,69,0,0,132,0,0
409,112,64,4,180,2,0,2,87,93,0,0,182,0,0
410,49,134,2,185,2,0,6,128,53,0,0,187,0,0
411,179,144,14,337,3,1,21,175,145,0,0,341,0,0
412,20,79,0,99,3,0,4,49,48,1,0,102,0,0
413,148,457,5,610,0,0,45,368,196,0,1,610,0,0
414,65,28,0,93,2,0,5,53,36,1,0,95,0,0
415,160,78,3,241,2,0,9,155,78,1,0,243,0,0
416,288,207,10,505,2,0,16,238,253,0,0,507,0,0
417,85,99,4,188,1,0,11,103,75,0,0,189,0,0
418,174,268,4,446,5,0,13,229,209,0,0,451,0,0
419,206,102,2,310,2,0,16,158,137,1,0,312,0,0
420,95,41,2,138,0,0,10,70,57,1,0,138,0,0
421,135,298,0,433,2,0,11,299,125,0,0,435,0,0
422,95,827,8,930,9,0,37,605,297,0,0,939,0,0
423,79,65,3,147,1,0,3,65,80,0,0,148,0,0
424,114,89,2,205,5,0,5,114,91,0,0,210,0,0
425,60,77,2,139,4,0,7,87,48,1,0,143,0,0
426,99,48,3,150,2,0,6,80,66,0,0,152,0,0
427,68,72,5,145,1,0,6,93,47,0,0,146,0,0
428,100,197,10,307,5,0,7,163,142,0,0,312,0,0
429,98,199,7,304,3,0,17,167,123,0,0,307,0,0
430,60,39,11,110,1,0,2,57,52,0,0,111,0,0
431,183,147,15,345,8,0,11,194,145,2,1,353,0,0
432,51,63,2,116,0,0,6,49,61,0,0,116,0,0
433,14,30,1,45,0,0,0,26,19,0,0,45,0,0
434,199,143,2,344,1,0,9,194,140,1,1,345,0,0
435,460,157,3,620,3,0,40,337,242,1,3,623,0,0
436,451,296,5,752,3,0,36,435,281,2,1,755,0,0
437,251,94,2,347,1,0,9,192,147,0,0,348,0,0
438,406,90,3,499,1,0,17,310,171,1,1,500,0,0
439,383,117,7,507,2,0,11,262,236,0,0,509,0,0
440,225,32,6,263,2,0,8,158,99,0,0,265,0,0
441,147,31,2,180,1,0,9,92,80,0,0,181,0,0
442,244,143,3,390,2,0,12,227,153,0,0,392,0,0
443,79,11,0,90,1,0,4,63,24,0,0,91,0,0
444,331,120,7,458,2,0,10,262,188,0,0,460,0,0
445,224,84,2,310,0,0,10,181,119,0,0,310,0,0
446,24,17,1,42,2,0,0,21,23,0,0,44,0,0
447,119,149,2,270,0,0,2,177,91,0,0,270,0,0
448,559,109,2,670,0,0,7,385,277,1,0,670,0,0
450,162,250,2,414,1,0,18,260,135,2,0,415,0,0
451,164,106,4,274,3,0,9,160,107,0,1,277,0,0
452,163,205,2,370,0,0,8,167,195,0,0,370,0,0
453,111,153,2,266,0,0,9,147,109,0,1,266,0,0
454,41,387,4,432,4,0,29,254,153,0,0,436,0,0
455,35,221,2,258,3,0,12,173,76,0,0,261,0,0
456,176,232,7,415,2,0,14,223,180,0,0,417,0,0
458,107,450,5,562,5,0,46,331,190,0,0,567,0,0
459,295,124,3,422,2,0,17,296,109,1,1,424,0,0
460,188,585,8,781,4,0,21,526,238,0,0,785,0,0
461,542,196,5,743,3,0,112,357,272,4,1,746,0,0
462,251,446,18,715,3,0,28,438,252,0,0,718,0,0
463,117,206,4,327,1,0,5,157,166,0,0,328,0,0
464,151,160,3,314,0,0,13,170,131,0,0,314,0,0
465,184,399,3,586,2,0,20,312,256,0,0,588,0,0
466,225,458,7,690,2,0,29,449,214,0,0,692,0,0
467,53,198,2,253,1,0,5,161,87,1,0,254,0,0
468,239,421,14,674,2,0,24,368,282,2,0,676,0,0
469,208,89,0,297,1,0,8,183,107,0,0,298,0,0
470,72,40,1,113,0,0,0,70,43,0,0,113,0,0
471,113,58,0,171,2,0,7,91,75,0,0,173,0,0
472,205,52,1,258,1,0,13,131,115,0,0,259,0,0
473,209,82,4,295,2,0,12,183,102,0,0,297,0,0
474,86,73,0,159,0,0,4,77,78,0,0,159,0,0
475,82,89,6,177,0,0,15,101,61,0,0,177,0,0
476,79,80,1,160,3,0,4,83,76,0,0,163,0,0
477,239,246,8,493,0,0,14,276,203,0,0,493,0,0
478,214,248,7,469,2,0,14,264,191,1,1,471,0,0
479,254,161,4,419,0,0,11,236,172,0,0,419,0,0
480,156,156,1,313,1,0,17,162,135,0,0,314,0,0
481,179,157,4,340,3,0,4,178,161,0,0,343,0,0
482,232,240,5,477,1,0,14,258,206,0,0,478,0,0
483,371,293,4,668,0,0,17,432,219,0,0,668,0,0
484,226,332,4,562,1,0,12,318,231,2,0,563,0,0
485,228,207,8,443,2,0,13,253,178,1,0,445,0,0
486,266,150,4,420,3,0,21,256,146,0,0,423,0,0
487,151,160,6,317,3,2,14,183,125,0,0,322,0,0
488,129,141,6,276,1,0,16,149,111,1,0,277,0,0
489,160,252,4,416,1,0,12,268,137,0,0,417,0,0
490,201,252,5,458,0,0,12,285,158,3,0,458,0,0
491,202,165,6,373,1,0,8,208,156,2,0,374,0,0
492,157,144,8,309,1,0,15,160,134,0,1,310,0,0
493,215,322,7,544,2,0,19,305,222,0,0,546,0,0
494,134,403,6,543,1,2,32,348,164,2,0,546,0,0
495,197,130,4,331,0,0,9,195,127,0,0,331,0,0
496,138,168,5,311,1,0,13,127,172,0,0,312,0,0
497,27,53,2,82,0,0,3,48,31,0,0,82,0,0
498,139,121,2,262,0,0,5,145,112,0,0,262,0,0
499,252,82,1,335,0,0,13,204,117,1,0,335,0,0
500,204,315,3,522,5,0,13,285,229,0,0,527,0,0
501,514,96,3,613,2,0,14,323,277,1,0,615,0,0
502,80,120,4,204,1,0,5,123,77,0,0,205,0,0
503,155,106,1,262,0,0,7,138,117,0,0,262,0,0
504,273,80,1,354,0,0,18,191,145,0,0,354,0,0
505,438,273,2,713,4,0,19,393,303,2,0,717,0,0
506,143,701,11,855,1,1,49,560,246,1,1,857,0,0
507,40,61,2,103,1,0,8,32,63,0,1,104,0,0
508,194,256,9,459,6,0,11,258,196,0,0,465,0,0
509,66,96,2,164,0,0,7,97,60,0,0,164,0,0
510,240,327,5,572,3,0,19,314,242,0,0,575,0,0
511,234,273,6,513,1,0,3,320,191,0,0,514,0,0
512,252,397,9,658,4,0,12,312,338,0,0,662,0,0
513,268,158,8,434,0,0,20,213,199,1,1,434,0,0
514,242,226,7,475,2,0,31,252,194,0,0,477,0,0
515,228,105,6,339,0,0,17,164,155,2,1,339,0,0
516,129,229,4,362,0,0,13,196,153,0,0,362,0,0
517,166,180,2,348,1,0,16,178,154,1,0,349,0,0
518,261,279,8,548,3,0,20,262,269,0,0,551,0,0
519,152,158,1,311,1,0,9,176,126,0,1,312,0,0
520,1,25,0,26,0,0,0,18,8,0,0,26,0,0
521,197,258,6,461,2,0,7,272,184,0,0,463,0,0
522,260,70,2,332,0,0,18,170,142,1,1,332,0,0
523,241,228,7,476,0,0,15,249,212,0,0,476,0,0
524,190,339,11,540,8,0,22,295,230,1,0,548,0,0
525,154,548,8,710,3,0,39,451,223,0,0,713,0,0
526,51,35,1,87,2,0,4,44,41,0,0,89,0,0
527,33,12,1,46,1,0,1,30,16,0,0,47,0,0
528,56,243,4,303,0,0,11,178,112,2,0,303,0,0
529,186,100,1,287,1,0,5,188,95,0,0,288,0,0
530,92,45,5,142,4,0,6,85,55,0,0,146,0,0
531,91,93,3,187,0,0,9,121,57,0,0,187,0,0
532,39,59,2,100,0,0,4,44,52,0,0,100,0,0
533,31,38,0,69,0,0,3,37,29,0,0,69,0,0
534,111,35,2,148,0,0,7,82,59,0,0,148,0,0
535,26,11,2,39,1,0,2,19,19,0,0,40,0,0
536,249,271,9,529,1,0,20,290,219,1,0,530,0,0
537,173,123,5,301,0,0,42,189,69,1,0,301,0,0
538,76,413,4,493,1,1,22,297,176,0,0,495,0,0
539,92,226,7,325,0,0,9,146,170,0,0,325,0,0
540,395,155,1,551,2,0,37,264,248,4,0,553,0,0
541,38,253,2,293,3,0,10,192,94,0,0,296,0,0
542,118,414,8,540,2,1,23,352,168,0,0,543,0,0
543,148,68,3,219,4,0,7,124,92,0,0,223,0,0
544,9,29,0,38,1,0,3,28,8,0,0,39,0,0
545,148,173,4,325,5,0,8,243,79,0,0,330,0,0
546,145,30,1,176,1,0,1,121,54,1,0,177,0,0
547,135,105,1,241,0,0,10,145,86,0,0,241,0,0
548,132,187,3,322,2,0,11,173,140,0,0,324,0,0
549,95,457,4,556,4,0,27,356,177,0,0,560,0,0
550,110,268,2,380,2,0,11,163,207,0,1,382,0,0
551,203,73,4,280,1,0,7,157,117,0,0,281,0,0
552,255,135,5,395,1,0,12,200,184,0,0,396,0,0
553,150,277,7,434,1,0,8,245,181,1,0,435,0,0
554,83,164,5,252,3,0,9,150,96,0,0,255,0,0
555,67,199,4,270,1,0,11,151,108,1,0,271,0,0
556,85,159,2,246,2,0,12,123,113,0,0,248,0,0
557,109,142,6,257,1,0,11,136,111,0,0,258,0,0
558,82,125,1,208,0,0,8,131,68,1,0,208,0,0
559,151,471,4,626,0,0,9,350,267,0,0,626,0,0
560,93,50,2,145,3,0,7,61,80,0,0,148,0,0
561,163,162,6,331,0,0,15,151,163,1,1,331,0,0
562,35,81,1,117,1,0,6,67,45,0,0,118,0,0
563,207,132,1,340,2,0,9,231,101,1,0,342,0,0
564,261,421,5,687,4,0,12,384,295,0,0,691,0,0
565,42,57,2,101,2,0,0,51,52,0,0,103,0,0
566,132,266,6,404,3,0,6,237,164,0,0,407,0,0
567,122,201,9,332,1,0,11,192,130,0,0,333,0,0
568,373,123,7,503,3,0,12,316,178,0,0,506,0,0
569,337,357,10,704,2,0,35,362,306,3,0,706,0,0
570,149,137,2,288,0,0,2,182,104,0,0,288,0,0
571,82,42,2,126,2,0,2,65,61,0,0,128,0,0
572,154,289,12,455,1,0,12,279,165,0,0,456,0,0
573,32,246,2,280,3,0,21,163,98,0,1,283,0,0
574,19,31,0,50,0,0,5,22,23,0,0,50,0,0
575,209,384,13,606,1,0,11,344,252,0,0,607,0,0
576,191,595,6,792,1,2,46,499,250,0,0,795,0,0
577,213,57,6,276,2,0,7,211,60,0,0,278,0,0
578,364,82,0,446,0,0,8,283,154,1,0,446,0,0
579,47,57,3,107,0,0,5,60,42,0,0,107,0,0
580,12,154,2,168,1,0,6,112,51,0,0,169,0,0
581,19,211,1,231,0,0,8,149,73,1,0,231,0,0
582,56,271,3,330,5,0,12,197,126,0,0,335,0,0
583,32,212,3,247,0,0,10,155,82,0,0,247,0,0
584,73,575,6,654,6,1,64,389,207,1,0,661,0,0
585,66,363,5,434,3,0,18,265,154,0,0,437,0,0
586,126,213,3,342,0,0,8,188,145,1,0,342,0,0
587,122,592,5,719,3,1,19,437,267,0,0,723,0,0
588,226,444,12,682,1,0,19,439,224,1,0,683,0,0
589,125,173,0,298,1,0,7,145,146,1,0,299,0,0
590,192,47,1,240,1,0,12,159,70,0,0,241,0,0
591,140,93,8,241,1,0,17,105,120,0,0,242,0,0
592,121,210,4,335,2,0,18,186,131,1,1,337,0,0
593,257,298,5,560,1,0,16,286,259,0,0,561,0,0
594,134,238,1,373,2,0,17,254,103,1,0,375,0,0
595,78,198,2,278,3,0,9,172,100,0,0,281,0,0
596,202,532,10,744,0,0,17,399,327,0,1,744,0,0
597,133,198,4,335,2,0,9,183,145,0,0,337,0,0
598,136,252,3,391,2,0,1,230,162,0,0,393,0,0
599,41,78,0,119,1,0,12,70,37,0,1,120,0,0
600,221,336,17,574,3,0,21,309,246,1,0,577,0,0
601,247,230,3,480,0,0,25,239,216,0,0,480,0,0
602,85,79,4,168,1,0,5,95,69,0,0,169,0,0
603,177,214,9,400,1,0,11,228,161,1,0,401,0,0
604,124,129,1,254,1,0,10,160,85,0,0,255,0,0
605,132,281,5,418,4,0,28,265,128,1,0,422,0,0
606,9,129,1,139,3,0,8,92,42,0,0,142,0,0
607,38,223,4,265,1,0,5,133,128,0,0,266,0,0
608,60,20,1,81,0,0,1,33,47,0,0,81,0,0
609,345,223,3,571,0,0,21,316,234,0,0,571,0,0
610,187,87,2,276,2,0,9,142,127,0,0,278,0,0
611,49,397,4,450,1,1,32,290,129,1,0,452,0,0
612,239,118,5,362,3,0,17,242,106,0,0,365,0,0
613,89,335,3,427,1,1,20,284,125,0,0,429,0,0
614,118,480,9,607,2,0,21,392,196,0,0,609,0,0
615,142,315,8,465,0,0,24,242,196,2,1,465,0,0
616,207,190,1,398,2,0,20,239,141,0,0,400,0,0
617,192,425,4,621,0,0,13,372,236,0,0,621,0,0
618,226,290,4,520,2,0,14,286,220,2,0,522,0,0
619,394,154,13,561,0,0,15,373,173,0,0,561,0,0
620,237,244,7,488,0,0,26,284,177,0,1,488,0,0
621,83,46,1,130,0,0,4,69,57,0,0,130,0,0
622,313,235,5,553,1,0,25,316,213,0,0,554,0,0
623,131,247,4,382,1,0,10,217,156,0,0,383,0,0
624,241,399,7,647,0,0,3,377,267,0,0,647,0,0
625,290,213,6,509,1,0,19,271,219,0,1,510,0,0
626,430,251,4,685,1,0,19,366,299,2,0,686,0,0
627,120,205,12,337,2,0,12,175,152,0,0,339,0,0
628,140,100,3,243,0,0,3,119,120,0,1,243,0,0
629,13,40,0,53,0,0,1,34,18,0,0,53,0,0
630,110,824,7,941,3,0,24,665,253,2,0,944,0,0
631,169,215,5,389,0,0,8,213,167,1,0,389,0,0
632,140,172,2,314,1,0,6,185,123,1,0,315,0,0
633,250,280,4,534,0,0,30,288,215,0,1,534,0,0
634,143,264,4,411,2,0,10,263,140,0,0,413,0,0
635,180,122,2,304,0,0,18,200,86,0,0,304,0,0
636,52,47,0,99,0,0,3,61,35,0,0,99,0,0
637,415,210,7,632,8,0,17,365,255,2,1,640,0,0
638,68,296,7,371,1,0,16,215,141,0,0,372,0,0
639,115,57,1,173,0,0,9,117,47,0,0,173,0,0
640,214,308,6,528,1,0,24,291,214,0,0,529,0,0
641,163,207,9,379,2,0,25,213,142,1,0,381,0,0
642,101,88,0,189,0,0,14,97,78,0,0,189,0,0
643,245,366,6,617,0,1,23,356,237,2,0,618,0,0
644,289,175,12,476,1,0,12,301,164,0,0,477,0,0
645,142,281,5,428,0,0,5,227,196,0,0,428,0,0
646,122,238,6,366,1,0,20,204,143,0,0,367,0,0
647,111,217,13,341,0,0,17,177,146,1,0,341,0,0
648,210,206,6,422,0,0,23,249,149,1,0,422,0,0
649,207,429,15,651,6,0,21,389,245,2,0,657,0,0
650,257,190,6,453,1,0,14,292,148,0,0,454,0,0
651,209,202,6,417,1,0,23,244,151,0,0,418,0,0
652,138,522,3,663,2,0,13,414,238,0,0,665,0,0
653,30,76,4,110,1,0,4,55,52,0,0,111,0,0
654,176,190,1,367,2,0,20,246,103,0,0,369,0,0
655,353,255,8,616,1,0,20,331,266,0,0,617,0,0
656,12,18,2,32,0,0,0,16,16,0,0,32,0,0
657,119,210,6,335,3,0,10,207,121,0,0,338,0,0
658,136,204,3,343,0,0,13,196,133,1,0,343,0,0
659,169,283,2,454,0,0,15,265,174,0,0,454,0,0
660,108,747,5,860,3,0,38,579,246,0,0,863,0,0
661,275,280,4,559,1,0,11,336,213,0,0,560,0,0
662,124,63,1,188,0,0,4,117,65,2,0,188,0,0
663,131,22,0,153,0,0,4,97,52,0,0,153,0,0
664,174,185,10,369,7,0,15,218,143,0,0,376,0,0
665,137,51,2,190,0,0,12,120,57,1,0,190,0,0
667,142,69,1,212,0,0,6,106,100,0,0,212,0,0
668,285,343,6,634,2,0,12,345,275,3,1,636,0,0
669,219,291,6,516,0,0,11,293,210,0,2,516,0,0
670,216,66,3,285,1,0,11,200,75,0,0,286,0,0
671,209,250,2,461,2,0,17,254,192,0,0,463,0,0
672,226,247,4,477,2,0,17,235,227,0,0,479,0,0
673,119,78,1,198,1,0,10,110,79,0,0,199,0,0
674,247,287,4,538,0,0,20,293,221,1,3,538,0,0
675,63,86,0,149,1,0,5,80,65,0,0,150,0,0
676,157,192,5,354,1,0,10,194,151,0,0,355,0,0
677,108,71,1,180,1,0,5,97,79,0,0,181,0,0
678,52,449,1,502,4,0,12,335,159,0,0,506,0,0
679,74,45,0,119,0,0,3,76,40,0,0,119,0,0
680,18,15,0,33,0,0,1,18,14,0,0,33,0,0
681,22,17,0,39,1,0,0,25,15,0,0,40,0,0
682,183,119,0,302,0,0,17,162,119,3,1,302,0,0
683,14,21,0,35,0,0,0,19,16,0,0,35,0,0
684,197,290,25,512,1,0,20,272,221,0,0,513,0,0
685,27,15,1,43,0,0,2,26,15,0,0,43,0,0
686,7,4,0,11,0,0,1,5,5,0,0,11,0,0
687,256,137,8,401,1,0,24,244,134,0,0,402,0,0
688,197,112,6,315,1,0,6,199,110,1,0,316,0,0
689,197,152,5,354,1,0,7,152,196,0,0,355,0,0
690,256,142,12,410,2,0,14,236,160,2,0,412,0,0
691,234,223,8,465,2,0,14,298,154,1,0,467,0,0
692,216,112,0,328,1,0,21,173,134,1,0,329,0,0
693,69,98,1,168,0,0,8,110,50,0,0,168,0,0
694,105,134,6,245,1,0,3,146,97,0,0,246,0,0
695,80,37,2,119,0,0,6,70,43,0,0,119,0,0
696,113,57,0,170,3,0,6,111,56,0,0,173,0,0
697,158,342,2,502,2,0,22,295,187,0,0,504,0,0
698,41,251,5,297,0,0,22,204,70,1,0,297,0,0
699,256,86,10,352,3,0,17,203,135,0,0,355,0,0
700,35,47,1,83,0,0,1,50,32,0,0,83,0,0
701,39,27,0,66,0,0,1,36,29,0,0,66,0,0
702,31,65,0,96,0,0,6,41,49,0,0,96,0,0
703,289,80,3,372,0,0,21,235,115,1,0,372,0,0
704,147,60,0,207,2,0,4,135,70,0,0,209,0,0
705,24,51,0,75,0,0,5,42,28,0,0,75,0,0
706,141,243,5,389,2,0,13,217,161,0,0,391,0,0
707,70,39,0,109,0,0,1,77,31,0,0,109,0,0
708,51,20,1,72,3,0,3,30,42,0,0,75,0,0
709,316,386,7,709,2,0,15,452,243,1,0,711,0,0
710,474,108,2,584,1,0,11,319,255,0,0,585,0,0
711,300,335,8,643,1,0,15,328,300,1,0,644,0,0
712,211,388,2,601,2,0,6,337,260,0,0,603,0,0
713,103,163,6,272,0,0,6,145,121,0,0,272,0,0
714,25,12,3,40,1,0,1,26,14,0,0,41,0,0
715,28,77,1,106,0,0,1,66,39,0,0,106,0,0
716,151,104,2,257,2,0,17,155,86,1,0,259,0,0
717,97,349,3,449,2,0,22,313,114,2,0,451,0,0
718,376,129,17,522,0,0,12,309,201,0,0,522,0,0
719,101,43,0,144,2,0,6,91,49,0,0,146,0,0
720,131,136,2,269,0,0,11,138,118,2,0,269,0,0
721,341,107,9,457,1,0,20,293,145,0,0,458,0,0
722,185,764,7,956,7,0,45,659,259,0,0,963,0,0
723,132,418,2,552,3,1,25,373,157,1,0,556,0,0
724,99,35,7,141,1,0,2,88,52,0,0,142,0,0
725,89,227,2,318,4,0,14,204,104,0,0,322,0,0
726,98,52,0,150,0,0,3,85,62,0,0,150,0,0
727,42,88,1,131,0,0,1,76,54,0,0,131,0,0
728,73,40,2,115,0,0,7,64,44,0,0,115,0,0
729,62,7,0,69,0,0,1,45,23,0,0,69,0,0
730,293,85,3,381,2,0,18,217,148,0,0,383,0,0
731,127,178,4,309,2,1,13,173,125,1,0,312,0,0
732,181,92,3,276,0,0,6,176,94,0,0,276,0,0
733,14,7,0,21,1,0,1,10,11,0,0,22,0,0
734,162,168,4,334,0,0,6,213,115,0,0,334,0,0
735,158,166,4,328,0,0,7,167,153,0,1,328,0,0
736,483,139,3,625,3,0,6,368,254,0,0,628,0,0
737,2,2,1,5,0,0,0,3,2,0,0,5,0,0
738,9,106,2,117,0,0,7,74,35,0,1,117,0,0
739,75,166,3,244,3,0,14,138,95,0,0,247,0,0
740,4,1,0,5,0,0,0,1,4,0,0,5,0,0
741,126,247,4,377,1,0,11,238,129,0,0,378,0,0
742,87,69,7,163,0,0,1,77,85,0,0,163,0,0
743,6,4,0,10,0,0,0,5,5,0,0,10,0,0
744,237,89,7,333,1,0,22,203,108,0,1,334,0,0
745,253,107,4,364,0,0,11,222,130,1,0,364,0,0
746,50,35,2,87,0,0,1,57,29,0,0,87,0,0
747,154,285,6,445,0,0,9,252,184,0,0,445,0,0
748,81,90,9,180,0,1,3,109,69,0,0,181,0,0
749,15,25,0,40,1,0,2,30,9,0,0,41,0,0
750,38,36,2,76,0,0,2,42,31,1,0,76,0,0
751,107,136,1,244,1,0,4,150,91,0,0,245,0,0
752,96,45,0,141,1,0,5,66,71,0,0,142,0,0
753,23,98,3,124,0,0,6,78,40,0,0,124,0,0
754,23,105,1,129,0,0,2,82,45,0,0,129,0,0
755,193,133,9,335,2,0,7,163,167,0,0,337,0,0
756,70,238,1,309,1,0,12,170,128,0,0,310,0,0
757,135,616,7,758,0,0,6,494,258,0,0,758,0,0
758,153,48,1,202,0,0,6,120,76,0,0,202,0,0
759,198,131,5,334,3,0,6,193,138,0,0,337,0,0
760,159,45,1,205,1,0,4,137,65,0,0,206,0,0
761,196,32,0,228,0,0,3,168,57,0,0,228,0,0
762,128,157,1,286,2,0,8,196,84,0,0,288,0,0
763,80,64,2,146,2,0,7,68,72,0,1,148,0,0
764,150,284,5,439,2,0,13,275,152,1,0,441,0,0
765,148,231,7,386,3,0,14,233,142,0,0,389,0,0
766,49,15,1,65,0,0,0,40,24,1,0,65,0,0
767,1,4,0,5,0,0,0,2,3,0,0,5,0,0
768,172,102,2,276,0,0,12,170,94,0,0,276,0,0
769,2,33,0,35,0,0,7,21,7,0,0,35,0,0
770,16,18,0,34,0,0,1,22,11,0,0,34,0,0
771,70,73,2,145,0,0,4,70,71,0,0,145,0,0
772,426,79,8,513,3,0,16,342,157,1,0,516,0,0
773,86,176,4,266,3,0,8,147,114,0,0,269,0,0
774,27,56,0,83,0,0,1,50,32,0,0,83,0,0
775,425,215,6,646,5,0,4,369,278,0,0,651,0,0
776,128,289,8,425,0,1,15,244,167,0,0,426,0,0
777,33,17,1,51,0,0,1,28,22,0,0,51,0,0
778,19,26,1,46,0,0,3,24,18,1,0,46,0,0
779,50,29,1,80,0,0,1,48,31,0,0,80,0,0
780,41,12,3,56,0,0,0,20,36,0,0,56,0,0
781,196,162,10,368,3,0,15,187,168,1,0,371,0,0
782,169,125,3,297,1,0,16,173,109,0,0,298,0,0
783,36,149,2,187,0,0,1,107,79,0,0,187,0,0
784,14,159,0,173,1,1,16,110,49,0,0,175,0,0
785,179,329,11,519,3,0,6,324,192,0,0,522,0,0
786,108,47,2,157,1,0,5,76,77,0,0,158,0,0
787,48,25,2,75,1,0,3,40,33,0,0,76,0,0
788,31,24,2,57,2,0,2,34,23,0,0,59,0,0
789,163,200,2,365,2,0,6,197,164,0,0,367,0,0
790,156,337,5,498,1,0,9,322,168,0,0,499,0,0
792,124,170,3,297,4,0,24,170,107,0,0,301,0,0
793,148,100,0,248,1,0,15,150,84,0,0,249,0,0
794,5,37,0,42,0,0,0,26,16,0,0,42,0,0
795,86,52,3,141,1,0,3,67,72,0,0,142,0,0
796,196,301,10,507,0,0,6,268,232,1,0,507,0,0
798,74,55,1,130,1,0,6,68,57,0,0,131,0,0
799,41,227,3,271,0,0,12,185,73,1,0,271,0,0
800,255,216,10,481,1,0,19,273,190,0,0,482,0,0
801,30,24,0,54,0,0,0,28,26,0,0,54,0,0
803,313,242,7,562,1,0,23,360,179,1,0,563,0,0
804,146,298,10,454,1,0,4,325,126,0,0,455,0,0
805,148,112,2,262,1,0,8,149,106,0,0,263,0,0
806,172,183,7,362,1,0,9,221,133,0,0,363,0,0
807,44,129,0,173,0,0,7,91,74,1,0,173,0,0
808,0,0,0,0,0,0,0,0,0,0,0,0,0,0
809,4,9,0,13,0,0,0,10,3,0,0,13,0,0
810,11,5,1,17,1,0,0,7,11,0,0,18,0,0
811,33,12,0,45,1,0,5,20,21,0,0,46,0,0
812,0,0,0,0,0,0,0,0,0,0,0,0,0,0
813,221,363,10,594,0,0,9,359,226,0,0,594,0,0
814,69,182,6,257,3,0,2,131,127,0,0,260,0,0
816,2,0,0,2,0,0,0,2,0,0,0,2,0,0
817,120,125,1,246,1,0,6,149,92,0,0,247,0,0
818,21,51,1,73,0,0,6,34,33,0,0,73,0,0
819,17,5,0,22,0,0,0,12,10,0,0,22,0,0
820,61,136,0,197,0,0,2,109,86,0,0,197,0,0
821,32,108,3,143,0,0,11,89,43,0,0,143,0,0
822,35,227,1,263,2,0,17,160,87,1,0,265,0,0
823,166,211,4,381,2,1,18,245,121,0,0,384,0,0
824,86,254,6,346,2,0,11,217,120,0,0,348,0,0
825,224,426,4,654,2,0,16,398,242,0,0,656,0,0
826,85,14,0,99,3,0,0,73,29,0,0,102,0,0
827,42,31,2,75,0,0,3,33,39,0,0,75,0,0
828,138,61,4,203,0,0,2,139,62,0,0,203,0,0
829,14,4,0,18,0,0,1,14,3,0,0,18,0,0
830,17,11,0,28,0,0,0,4,24,0,0,28,0,0
831,206,75,1,282,0,0,4,168,110,0,0,282,0,0
832,18,41,0,59,0,0,2,24,33,0,0,59,0,0
834,3,15,0,18,0,0,3,7,8,0,0,18,0,0
835,22,19,2,43,0,0,0,20,23,0,0,43,0,0
836,10,42,0,52,1,0,9,27,17,0,0,53,0,0
837,12,1,0,13,0,0,0,3,10,0,0,13,0,0
839,41,102,0,143,2,0,5,83,56,1,0,145,0,0
840,78,233,2,313,2,0,10,207,98,0,0,315,0,0
841,166,631,4,801,3,1,15,479,310,0,1,805,0,0
842,135,182,3,320,2,0,16,193,113,0,0,322,0,0
843,82,267,0,349,5,0,29,220,105,0,0,354,0,0
844,180,189,8,377,1,0,7,222,148,1,0,378,0,0
845,26,32,1,59,0,0,8,34,16,1,0,59,0,0
846,182,132,2,316,0,0,6,169,141,0,0,316,0,0
847,96,445,6,547,2,0,22,307,220,0,0,549,0,0
848,147,303,2,452,2,0,8,333,111,2,0,454,0,0
849,175,156,9,340,2,0,12,172,158,0,0,342,0,0
850,38,25,0,63,0,0,2,37,24,0,0,63,0,0
851,219,287,3,509,1,0,11,260,237,0,2,510,0,0
852,164,89,0,253,0,0,6,144,103,0,0,253,0,0
853,177,127,2,306,0,0,13,152,141,0,0,306,0,0
854,2,17,1,20,0,0,1,12,7,0,0,20,0,0
855,100,329,1,430,0,0,9,244,177,0,0,430,0,0
858,18,102,4,124,0,0,4,74,46,0,0,124,0,0
859,44,145,1,190,1,0,10,124,53,4,0,191,0,0
860,222,98,2,322,0,0,15,185,122,0,0,322,0,0
861,82,309,5,396,2,0,11,277,110,0,0,398,0,0
862,212,301,7,520,1,0,21,300,200,0,0,521,0,0
863,19,109,1,129,0,0,2,85,42,0,0,129,0,0
864,145,182,7,334,6,0,10,175,155,0,0,340,0,0
865,195,188,5,388,1,0,5,187,196,1,0,389,0,0
867,84,235,3,322,2,0,6,224,94,0,0,324,0,0
868,112,127,3,242,6,0,25,110,113,0,0,248,0,0
869,9,36,0,45,0,0,1,27,17,0,0,45,0,0
871,13,17,0,30,0,0,1,14,15,0,0,30,0,0
872,28,16,0,44,1,0,4,16,25,0,0,45,0,0
873,32,98,3,133,0,0,2,97,34,0,0,133,0,0
874,231,162,2,395,1,1,21,212,164,0,0,397,0,0
875,197,361,6,564,3,0,18,386,163,0,0,567,0,0
876,107,150,1,258,0,0,9,145,104,0,0,258,0,0
877,137,361,12,510,1,0,3,320,188,0,0,511,0,0
878,108,71,4,183,0,0,7,96,80,0,0,183,0,0
879,185,219,13,417,0,0,16,252,149,0,0,417,0,0
880,225,134,8,367,4,0,8,179,184,0,0,371,0,0
881,145,290,10,445,0,0,9,242,193,0,1,445,0,0
882,154,327,6,487,1,0,12,300,176,0,0,488,0,0
883,133,326,1,460,1,0,12,270,179,0,0,461,0,0
884,8,47,0,55,0,0,11,26,18,0,0,55,0,0
885,160,494,9,663,2,0,20,378,267,0,0,665,0,0
886,154,62,1,217,1,0,4,120,93,1,0,218,0,0
887,64,26,0,90,0,0,0,53,37,0,0,90,0,0
888,122,404,7,533,1,0,15,331,187,0,1,534,0,0
889,12,19,0,31,0,0,0,16,15,0,0,31,0,0
890,225,166,1,392,1,0,1,237,155,0,0,393,0,0
891,209,113,4,326,0,0,52,162,111,1,0,326,0,0
892,175,179,2,356,0,0,5,194,156,1,0,356,0,0
893,128,304,6,438,0,0,4,291,143,0,0,438,0,0
894,87,363,2,452,0,0,6,277,169,0,0,452,0,0
895,264,26,1,291,0,0,6,151,134,0,0,291,0,0
896,429,124,0,553,1,0,29,334,190,0,1,554,0,0
897,99,205,4,308,0,0,5,180,123,0,0,308,0,0
898,107,188,3,298,0,0,3,204,91,0,0,298,0,0
899,125,43,5,173,0,0,6,97,70,0,0,173,0,0
900,3,1,0,4,0,0,0,3,1,0,0,4,0,0
901,172,422,4,598,1,0,5,366,228,0,0,599,0,0
902,541,201,0,742,2,0,12,477,252,3,0,744,0,0
903,159,106,5,270,1,0,12,119,140,0,0,271,0,0
905,55,48,2,105,3,0,5,46,57,0,0,108,0,0
906,315,151,5,471,0,0,11,318,141,1,0,471,0,0
907,2,27,0,29,0,0,0,19,10,0,0,29,0,0
908,8,1,0,9,0,0,1,6,2,0,0,9,0,0
909,136,119,3,258,3,0,4,168,89,0,0,261,0,0
910,9,10,0,19,0,0,0,10,9,0,0,19,0,0
911,18,19,2,39,0,0,2,24,13,0,0,39,0,0
912,82,129,0,211,1,0,5,129,78,0,0,212,0,0
913,19,19,3,41,0,0,0,23,18,0,0,41,0,0
914,9,3,0,12,0,0,0,9,3,0,0,12,0,0
915,141,122,2,265,2,0,3,163,101,0,0,267,0,0
916,220,209,5,434,1,0,2,255,177,1,0,435,0,0
918,0,1,0,1,0,0,0,0,1,0,0,1,0,0
919,548,71,7,626,4,1,21,365,243,2,0,631,0,0
920,3,12,0,15,0,0,1,12,2,0,0,15,0,0
921,16,9,0,25,0,0,0,20,5,0,0,25,0,0
923,169,151,4,324,1,0,5,238,82,0,0,325,0,0
926,124,169,9,302,1,0,12,162,129,0,0,303,0,0
927,773,247,1,1021,3,0,22,600,398,4,0,1024,0,0
928,77,20,0,97,0,0,3,51,43,0,0,97,0,0
930,27,77,1,105,0,0,6,60,39,0,0,105,0,0
931,29,8,1,38,0,0,3,22,13,0,0,38,0,0
933,128,104,0,232,1,0,35,119,79,0,0,233,0,0
934,15,72,2,89,2,0,6,43,42,0,0,91,0,0
935,109,210,2,321,1,0,7,158,157,0,0,322,0,0
936,7,24,0,31,0,0,0,14,17,0,0,31,0,0
937,349,143,4,496,1,0,16,261,220,0,0,497,0,0
938,16,13,1,30,0,0,6,13,11,0,0,30,0,0
940,0,1,0,1,0,0,0,1,0,0,0,1,0,0
941,85,59,0,144,0,0,2,79,63,0,0,144,0,0
942,7,19,0,26,0,0,1,12,13,0,0,26,0,0
943,23,27,0,50,1,0,1,16,34,0,0,51,0,0
944,16,4,0,20,0,0,3,7,10,0,0,20,0,0
945,5,6,0,11,0,0,0,10,1,0,0,11,0,0
946,67,24,0,91,0,0,2,45,44,0,0,91,0,0
947,158,55,3,216,1,0,8,112,94,0,3,217,0,0
948,48,33,0,81,0,0,1,54,26,0,0,81,0,0
949,98,137,4,239,0,0,7,117,114,0,1,239,0,0
950,0,0,0,0,0,0,0,0,0,0,0,0,0,0
951,17,38,3,58,0,0,2,31,25,0,0,58,0,0
952,12,11,0,23,0,0,0,9,14,0,0,23,0,0
953,42,24,2,68,1,0,12,31,24,2,0,69,0,0
954,6,27,1,34,1,0,1,20,13,1,0,35,0,0
955,241,72,2,315,0,0,4,197,114,0,0,315,0,0
956,116,294,10,420,0,0,9,232,179,0,0,420,0,0
957,20,125,1,146,0,0,4,96,46,0,0,146,0,0
958,77,253,6,336,2,0,16,198,124,0,0,338,0,0
959,0,0,0,0,0,0,0,0,0,0,0,0,0,0
960,80,446,2,528,3,0,9,312,210,0,0,531,0,0
961,72,170,3,245,0,0,8,153,82,2,0,245,0,0
962,18,37,1,56,0,0,0,31,25,0,0,56,0,0
963,69,91,1,161,0,0,4,80,77,0,0,161,0,0
964,168,518,2,688,0,0,11,423,254,0,0,688,0,0
965,18,11,0,29,0,0,2,21,6,0,0,29,0,0
966,49,83,1,133,1,0,4,72,58,0,0,134,0,0
967,67,203,4,274,0,0,7,165,102,0,0,274,0,0
968,193,980,6,1179,1,0,15,693,472,0,0,1180,0,0
969,22,186,0,208,0,0,11,138,58,1,0,208,0,0
970,6,0,0,6,0,0,1,5,0,0,0,6,0,0
971,50,34,1,85,0,0,4,41,40,0,0,85,0,0
972,252,73,1,326,0,0,6,199,120,0,1,326,0,0
973,130,44,2,176,2,0,3,113,62,0,0,178,0,0
974,80,220,9,309,1,0,1,173,136,0,0,310,0,0
975,25,17,0,42,0,0,0,27,15,0,0,42,0,0
976,44,31,1,76,1,0,1,34,42,0,0,77,0,0
977,25,45,0,70,0,0,1,33,35,1,0,70,0,0
978,27,16,0,43,0,0,2,24,17,0,0,43,0,0
980,83,58,0,141,0,0,4,68,68,0,1,141,0,0
981,5,0,0,5,0,0,0,1,4,0,0,5,0,0
982,183,110,0,293,1,0,7,172,114,1,0,294,0,0
983,231,288,5,524,2,0,14,324,188,0,0,526,0,0
984,2,5,0,7,0,0,0,4,3,0,0,7,0,0
985,44,29,1,74,0,0,4,44,26,0,0,74,0,0
986,24,29,0,53,0,0,2,21,30,0,0,53,0,0
987,33,195,3,231,0,0,12,153,64,2,0,231,0,0
988,96,174,0,270,1,0,6,186,79,0,0,271,0,0
989,2,1,0,3,0,0,0,1,2,0,0,3,0,0
990,3,4,0,7,0,0,0,0,7,0,0,7,0,0
991,178,351,4,533,0,0,8,336,189,0,0,533,0,0
992,55,62,1,118,0,0,1,64,53,0,0,118,0,0
994,152,440,3,595,0,0,4,327,263,1,0,595,0,0
995,134,445,2,581,1,0,18,353,211,0,0,582,0,0
996,54,58,1,113,2,0,9,74,32,0,0,115,0,0
997,12,111,1,124,1,0,3,68,54,0,0,125,0,0
1000,8,19,1,28,1,0,2,11,16,0,0,29,0,0
1001,54,121,5,180,0,0,7,95,78,0,0,180,0,0
1002,30,33,2,65,0,0,0,25,40,0,0,65,0,0
1003,5,26,1,32,0,0,2,25,5,0,0,32,0,0
1004,138,37,0,175,0,0,0,107,68,0,0,175,0,0
1006,55,287,3,345,1,0,9,232,105,0,0,346,0,0
1007,71,310,6,387,1,0,7,211,170,0,0,388,0,0
1008,48,74,1,123,0,0,4,74,45,0,0,123,0,0
1009,26,26,1,53,0,0,0,30,23,0,0,53,0,0
1010,82,279,4,365,1,0,7,244,115,0,0,366,0,0
1011,0,0,0,0,0,0,0,0,0,0,0,0,0,0
1012,92,141,2,235,2,0,5,125,105,2,0,237,0,0
1016,126,221,3,350,0,0,15,179,156,0,0,350,0,0
1017,1,5,0,6,0,0,0,2,4,0,0,6,0,0
1019,6,14,0,20,1,0,0,8,13,0,0,21,0,0
1020,112,448,4,564,2,0,7,370,188,1,0,566,0,0
1021,47,42,1,90,0,0,0,56,34,0,0,90,0,0
1022,118,147,5,270,2,0,10,147,115,0,0,272,0,0
1023,35,118,2,155,1,0,4,96,56,0,0,156,0,0
1024,22,8,0,30,0,0,0,16,14,0,0,30,0,0
1025,74,174,0,248,0,0,5,166,77,0,0,248,0,0
1026,68,51,0,119,2,0,5,78,38,0,0,121,0,0
1027,23,72,0,95,1,0,0,46,50,0,0,96,0,0
1028,175,393,3,571,4,0,11,379,185,0,0,575,0,0
1029,191,93,9,293,0,0,6,169,118,0,0,293,0,0
1030,29,21,0,50,1,0,3,28,20,0,0,51,0,0
1031,59,52,1,112,0,0,7,55,50,0,0,112,0,0
1032,43,34,0,77,0,0,0,47,30,0,0,77,0,0
1033,35,37,2,74,0,0,5,40,29,0,0,74,0,0
1034,80,110,4,194,0,0,5,125,63,1,0,194,0,0
1035,0,0,0,0,0,0,0,0,0,0,0,0,0,0
1036,7,3,0,10,0,0,0,6,4,0,0,10,0,0
1037,115,202,9,326,1,0,10,159,158,0,0,327,0,0
1038,154,263,1,418,0,0,9,274,134,0,1,418,0,0
1040,31,59,1,91,0,0,1,52,38,0,0,91,0,0
1041,15,65,0,80,0,0,0,43,37,0,0,80,0,0
1042,102,219,8,329,0,0,7,195,127,0,0,329,0,0
1043,161,79,3,243,1,0,15,130,99,0,0,244,0,0
1044,10,11,0,21,0,0,2,12,7,0,0,21,0,0
1045,38,50,9,97,0,0,6,52,39,0,0,97,0,0
1046,91,102,2,195,2,0,6,122,68,1,0,197,0,0
1047,35,75,0,110,1,0,3,73,35,0,0,111,0,0
1048,44,54,4,102,0,0,3,54,45,0,0,102,0,0
1049,13,45,1,59,0,0,1,32,26,0,0,59,0,0
1050,37,337,1,375,3,0,42,235,101,0,0,378,0,0
1051,0,0,0,0,0,0,0,0,0,0,0,0,0,0
1053,31,89,1,121,0,0,1,69,51,0,0,121,0,0
1054,248,151,2,401,2,0,19,250,134,0,0,403,0,0
1055,254,354,12,620,2,0,11,400,211,0,0,622,0,0
1056,224,266,8,498,2,0,5,325,170,0,0,500,0,0
1057,8,16,0,24,0,0,1,12,11,0,0,24,0,0
1058,3,8,1,12,0,0,0,5,7,0,0,12,0,0
1059,80,89,0,169,1,0,12,105,53,0,0,170,0,0
1060,28,215,2,245,0,0,6,132,106,1,0,245,0,0
1061,75,269,1,345,2,0,11,194,142,0,0,347,0,0
1062,131,49,1,181,0,0,7,107,67,0,0,181,0,0
1063,140,160,3,303,3,0,5,163,138,0,0,306,0,0
1064,179,235,29,443,11,0,10,339,105,0,0,454,0,0
1065,154,107,2,263,1,0,6,128,129,0,1,264,0,0
1067,81,170,6,257,1,0,10,160,88,0,0,258,0,0
1068,134,198,5,337,3,0,15,204,121,0,0,340,0,0
1069,0,0,0,0,0,0,0,0,0,0,0,0,0,0
1070,22,7,1,30,0,0,2,14,14,0,0,30,0,0
1071,145,341,7,493,0,0,17,258,216,0,2,493,0,0
1072,66,156,3,225,0,0,6,110,109,0,0,225,0,0
1074,15,86,0,101,1,0,0,53,49,0,0,102,0,0
1076,155,394,9,558,0,0,3,357,198,0,0,558,0,0
1077,105,495,3,603,1,0,16,375,211,2,0,604,0,0
1078,154,175,0,329,1,0,5,225,100,0,0,330,0,0
1079,119,276,4,399,1,0,12,246,141,1,0,400,0,0
1080,22,49,0,71,0,0,3,44,24,0,0,71,0,0
1081,11,22,0,33,0,0,1,19,13,0,0,33,0,0
1084,38,28,1,67,0,0,6,37,24,0,0,67,0,0
1085,65,78,1,144,1,0,7,90,48,0,0,145,0,0
1086,204,148,4,356,2,0,12,237,107,0,2,358,0,0
1087,232,237,2,471,1,0,9,242,219,1,1,472,0,0
1088,55,45,2,102,0,0,1,52,49,0,0,102,0,0
1089,12,10,0,22,0,0,0,17,5,0,0,22,0,0
1090,51,39,1,91,0,0,0,64,27,0,0,91,0,0
1091,129,138,2,269,2,0,12,193,66,0,0,271,0,0
1092,45,49,1,95,0,0,2,40,53,0,0,95,0,0
1093,115,35,0,150,1,0,7,98,46,0,0,151,0,0
1095,165,72,4,241,2,0,9,133,100,1,0,243,0,0
1096,234,133,2,369,3,0,17,208,145,2,0,372,0,0
1097,29,118,2,149,0,0,6,94,49,0,0,149,0,0
1098,86,271,3,360,1,0,12,247,101,0,1,361,0,0
1099,1,0,0,1,0,0,0,0,1,0,0,1,0,0
1100,36,47,0,83,1,0,1,48,35,0,0,84,0,0
1101,162,49,4,215,0,0,18,129,65,3,0,215,0,0
1102,160,236,2,398,1,0,6,271,122,0,0,399,0,0
1103,118,136,3,257,1,0,6,146,105,1,0,258,0,0
1104,119,126,4,249,2,1,5,141,106,0,0,252,0,0
1105,2,9,2,13,0,0,0,9,3,1,0,13,0,0
1106,26,77,2,105,0,0,5,57,43,0,0,105,0,0
1107,7,9,0,16,0,0,0,8,8,0,0,16,0,0
1108,0,1,0,1,0,0,0,1,0,0,0,1,0,0
1109,7,8,0,15,0,0,2,8,5,0,0,15,0,0
1110,136,108,7,251,0,0,7,151,93,0,0,251,0,0
1111,77,139,1,217,0,0,1,119,97,0,0,217,0,0
1112,206,116,4,326,0,0,16,189,121,0,0,326,0,0
1113,182,226,14,422,0,1,10,269,144,0,0,423,0,0
1114,64,272,4,340,3,0,13,222,108,0,0,343,0,0
1115,28,35,0,63,0,0,2,34,27,0,0,63,0,0
1116,227,230,8,465,2,0,9,262,196,0,0,467,0,0
1117,117,224,3,344,0,0,12,201,131,0,0,344,0,0
1118,60,164,3,227,0,0,8,119,100,0,0,227,0,0
1119,87,125,14,226,6,0,7,138,87,0,0,232,0,0
1120,161,218,5,384,2,1,7,238,142,0,0,387,0,0
1121,22,47,0,69,0,0,0,28,41,0,0,69,0,0
1122,34,74,1,109,0,0,3,55,51,0,0,109,0,0
1123,85,105,5,195,1,0,6,116,74,0,0,196,0,0
1126,99,211,6,316,0,0,9,171,136,0,0,316,0,0
1127,43,125,1,169,0,0,16,82,70,1,0,169,0,0
1128,181,148,2,331,2,0,10,186,137,0,0,333,0,0
1130,54,58,1,113,1,0,3,71,40,0,0,114,0,0
1131,28,14,1,43,0,0,2,28,13,0,0,43,0,0
1133,16,9,0,25,0,0,0,14,11,0,0,25,0,0
1134,189,188,12,389,5,0,10,220,163,1,0,394,0,0
1135,204,370,10,584,1,0,19,376,190,0,0,585,0,0
1136,129,367,3,499,0,0,11,278,210,0,0,499,0,0
1137,96,309,4,409,0,0,6,234,168,1,0,409,0,0
1138,69,130,4,203,1,0,3,113,88,0,0,204,0,0
1139,130,359,4,493,3,1,4,310,183,0,0,497,0,0
1140,6,18,0,24,0,0,1,18,5,0,0,24,0,0
1142,15,8,0,23,0,0,1,13,9,0,0,23,0,0
1144,83,52,1,136,1,0,4,82,51,0,0,137,0,0
1145,244,101,2,347,0,0,4,214,129,0,0,347,0,0
1146,157,41,3,201,0,0,3,113,85,0,0,201,0,0
1147,203,133,3,339,5,1,9,194,142,0,0,345,0,0
1148,58,136,2,196,0,0,1,111,83,1,0,196,0,0
1149,178,604,4,786,0,0,19,519,248,0,0,786,0,0
1151,187,142,3,332,0,0,11,194,126,0,1,332,0,0
1152,11,5,0,16,0,0,1,9,6,0,0,16,0,0
1155,0,0,0,0,0,0,0,0,0,0,0,0,0,0
1156,0,0,0,0,0,0,0,0,0,0,0,0,0,0
1166,57,42,0,99,0,0,7,57,35,0,0,99,0,0
1167,164,730,11,905,1,0,20,599,287,0,0,906,0,0
1168,76,44,2,122,1,1,11,61,52,0,0,124,0,0
1169,53,23,1,77,0,0,8,39,30,0,0,77,0,0
1170,219,514,2,735,0,0,10,462,263,0,0,735,0,0
1171,167,107,5,279,2,0,9,177,95,0,0,281,0,0
1172,203,151,8,362,1,0,11,245,107,0,0,363,0,0
1173,164,204,3,371,0,0,6,209,156,0,0,371,0,0
1174,179,161,3,343,0,0,4,221,118,0,0,343,0,0
1175,568,184,0,752,3,0,30,473,252,0,0,755,0,0
1176,127,308,2,437,0,0,5,261,171,0,0,437,0,0
1177,114,173,2,289,0,0,3,184,102,0,0,289,0,0
1178,133,48,2,183,0,0,6,109,68,0,0,183,0,0
1179,117,244,3,364,0,0,3,229,132,0,0,364,0,0
1180,91,649,6,746,2,0,6,486,255,1,0,748,0,0
1181,141,106,0,247,1,0,5,136,107,0,0,248,0,0
1182,45,101,3,149,0,0,8,84,57,0,0,149,0,0
1183,100,385,0,485,1,0,7,306,173,0,0,486,0,0
1184,200,413,5,618,1,0,7,394,217,1,0,619,0,0
1185,150,93,5,248,1,0,4,171,73,1,0,249,0,0
1186,140,363,1,504,1,0,3,296,206,0,0,505,0,0
1188,4,29,3,36,0,0,1,27,8,0,0,36,0,0
1189,6,4,0,10,0,0,0,3,7,0,0,10,0,0
1191,0,0,0,0,0,0,0,0,0,0,0,0,0,0
1192,14,46,1,61,0,0,1,32,28,0,0,61,0,0
1193,4,9,0,13,0,0,3,6,4,0,0,13,0,0
1194,15,12,1,28,0,0,3,12,13,0,0,28,0,0
1195,3,4,0,7,0,0,0,5,2,0,0,7,0,0
1196,13,10,0,23,0,0,1,12,10,0,0,23,0,0
1199,3,0,0,3,0,0,1,2,0,0,0,3,0,0
1200,16,1,0,17,0,0,5,4,8,0,0,17,0,0
1203,0,0,0,0,0,0,0,0,0,0,0,0,0,0
1204,10,0,0,10,0,0,0,7,3,0,0,10,0,0
1205,25,47,0,72,0,0,0,35,37,0,0,72,0,0
1206,108,83,1,192,0,0,9,106,77,0,0,192,0,0
1207,20,18,0,38,0,0,3,11,24,0,0,38,0,0
1209,1,3,0,4,0,0,0,2,2,0,0,4,0,0
1210,9,8,0,17,0,0,0,11,6,0,0,17,0,0
1211,0,0,0,0,0,0,0,0,0,0,0,0,0,0
1212,21,20,0,41,1,0,1,31,10,0,0,42,0,0
1213,0,0,0,0,0,0,0,0,0,0,0,0,0,0
1214,21,10,1,32,0,0,3,21,8,0,0,32,0,0
1215,0,0,0,0,0,0,0,0,0,0,0,0,0,0
1216,15,24,4,43,0,0,5,21,17,0,0,43,0,0
1217,37,19,0,56,0,0,2,27,27,0,0,56,0,0
1218,4,3,0,7,0,0,0,6,1,0,0,7,0,0
1219,2,2,0,4,0,0,0,1,3,0,0,4,0,0
1222,27,44,1,72,1,0,7,44,22,0,0,73,0,0
1223,18,27,0,45,1,0,1,30,15,0,0,46,0,0
1224,16,8,0,24,0,0,0,14,10,0,0,24,0,0
Totals,170564,190615,3863,365042,1596,65,12464,211563,142115,430,131,366703,0,0
